מוסד,רשות,סוג פיקוח,מחוז,מגזר,מפקח,מנהל,כיתה,מקבילה,סוג חינוך כיתה,פוטנציאל תלמידים,קורסים שנפתחו,תלמידים רשומים לקורס,אחוז תלמידים רשומים לקורס,תלמידים שנכנסו לקורס,אחוז תלמידים שנכנסו לקורס,תלמידים שביצעו משימה אחת לפחות,אחוז תלמידים שביצעו משימה אחת לפחות
Totals,,,,,,,,,,"14,377",164,"11,497",80%,753,5%,752,5%
111328- כרמי יהודה,גוש עציון,ממלכתי דתי,ירושלים,יהודי,יעקב מאיר קושלבסקי,אביתר חיים קלין,ז,4,רגיל,25,1,25,100%,0,0%,0,0%
111328- כרמי יהודה,גוש עציון,ממלכתי דתי,ירושלים,יהודי,יעקב מאיר קושלבסקי,אביתר חיים קלין,ז,3,רגיל,23,1,23,100%,0,0%,0,0%
111328- כרמי יהודה,גוש עציון,ממלכתי דתי,ירושלים,יהודי,יעקב מאיר קושלבסקי,אביתר חיים קלין,ז,2,רגיל,23,1,22,96%,0,0%,0,0%
111393- נועם בנות ק.משה,ירושלים,ממלכתי דתי,העיר ירושלים,יהודי,יואל דוב ורצברגר,אורית ווייל,ז,2,רגיל,27,1,27,100%,0,0%,0,0%
111393- נועם בנות ק.משה,ירושלים,ממלכתי דתי,העיר ירושלים,יהודי,יואל דוב ורצברגר,אורית ווייל,ז,3,רגיל,27,1,27,100%,0,0%,0,0%
111393- נועם בנות ק.משה,ירושלים,ממלכתי דתי,העיר ירושלים,יהודי,יואל דוב ורצברגר,אורית ווייל,ז,1,רגיל,26,1,26,100%,0,0%,0,0%
"111450- גוונים מ""מ",קרית ארבע,ממלכתי,ירושלים,יהודי,דורית מרגלית רזיאל אלישר,ענבל גונן,ז,1,רגיל,11,1,11,100%,0,0%,0,0%
112151- מצפה יריחו,מטה בנימין,ממלכתי דתי,ירושלים,יהודי,יוסף יעקב שינובר,יוסף יהושע יחזק פלהימר,ז,1,רגיל,21,1,4,19%,0,0%,0,0%
112250- עשה חייל,אפרת,ממלכתי דתי,ירושלים,יהודי,יעקב מאיר קושלבסקי,תרזה שפרה פרנקל,ז,1,רגיל,27,1,25,93%,0,0%,0,0%
112250- עשה חייל,אפרת,ממלכתי דתי,ירושלים,יהודי,יעקב מאיר קושלבסקי,תרזה שפרה פרנקל,ז,3,רגיל,24,1,22,92%,0,0%,0,0%
112516- מבוא חורון,מטה בנימין,ממלכתי דתי,ירושלים,יהודי,יוסף יעקב שינובר,ערן מרגלית,ז,1,רגיל,22,1,15,68%,0,0%,0,0%
"112953- אהבת ישראל (חרד""ל)",ירושלים,ממלכתי דתי,העיר ירושלים,יהודי,יואל דוב ורצברגר,גיא רפאלוב,ז,1,רגיל,24,1,22,92%,20,83%,19,79%
113217- הר נוף ממד בנות,ירושלים,ממלכתי דתי,העיר ירושלים,יהודי,יואל דוב ורצברגר,ברוריה בס,ז,2,רגיל,31,1,30,97%,0,0%,0,0%
113217- הר נוף ממד בנות,ירושלים,ממלכתי דתי,העיר ירושלים,יהודי,יואל דוב ורצברגר,ברוריה בס,ז,1,רגיל,29,1,28,97%,0,0%,0,0%
113324- בית-אל בנים,בית אל,ממלכתי דתי,ירושלים,יהודי,יוסף יעקב שינובר,ירון גיאת,ז,2,רגיל,29,1,22,76%,0,0%,0,0%
113787- כוכב יעקב בנות,מטה בנימין,ממלכתי דתי,ירושלים,יהודי,יוסף יעקב שינובר,דן אפרים בירנבאום,ז,1,רגיל,15,1,13,87%,0,0%,0,0%
114058- אריאל,אפרת,ממלכתי דתי,ירושלים,יהודי,יעקב מאיר קושלבסקי,שולמית גיטל פרוינד,ז,1,רגיל,29,1,29,100%,0,0%,0,0%
114173- אורות עציון בנים,אפרת,ממלכתי דתי,ירושלים,יהודי,יעקב מאיר קושלבסקי,משה גוטליב,ז,32,רגיל,28,1,3,11%,0,0%,0,0%
114173- אורות עציון בנים,אפרת,ממלכתי דתי,ירושלים,יהודי,יעקב מאיר קושלבסקי,משה גוטליב,ז,31,רגיל,30,1,3,10%,0,0%,0,0%
114173- אורות עציון בנים,אפרת,ממלכתי דתי,ירושלים,יהודי,יעקב מאיר קושלבסקי,משה גוטליב,ז,34,רגיל,32,1,3,9%,0,0%,0,0%
114249- אורות עציון בנות,אפרת,ממלכתי דתי,ירושלים,יהודי,יעקב מאיר קושלבסקי,דבורה פרידמן,ז,22,רגיל,30,1,30,100%,28,93%,28,93%
114249- אורות עציון בנות,אפרת,ממלכתי דתי,ירושלים,יהודי,יעקב מאיר קושלבסקי,דבורה פרידמן,ז,21,רגיל,27,1,27,100%,25,93%,25,93%
114249- אורות עציון בנות,אפרת,ממלכתי דתי,ירושלים,יהודי,יעקב מאיר קושלבסקי,דבורה פרידמן,ז,3,מיוחד,6,1,6,100%,4,67%,4,67%
118042- אום טובא,ירושלים,ממלכתי,העיר ירושלים,ערבי,מחמד אזברגה,וליד אבו טיר,ז,3,רגיל,24,1,19,79%,0,0%,0,0%
118042- אום טובא,ירושלים,ממלכתי,העיר ירושלים,ערבי,מחמד אזברגה,וליד אבו טיר,ז,1,רגיל,22,1,17,77%,0,0%,0,0%
118042- אום טובא,ירושלים,ממלכתי,העיר ירושלים,ערבי,מחמד אזברגה,וליד אבו טיר,ז,2,רגיל,27,1,17,63%,0,0%,0,0%
118042- אום טובא,ירושלים,ממלכתי,העיר ירושלים,ערבי,מחמד אזברגה,וליד אבו טיר,ז,4,רגיל,26,1,12,46%,0,0%,0,0%
118067- אחמד סאמח אלחלדי,ירושלים,ממלכתי,העיר ירושלים,ערבי,מחמד אזברגה,ווסים רישק,ז,2,רגיל,22,1,2,9%,0,0%,0,0%
118067- אחמד סאמח אלחלדי,ירושלים,ממלכתי,העיר ירושלים,ערבי,מחמד אזברגה,ווסים רישק,ז,17,מיוחד,14,1,1,7%,0,0%,0,0%
118125- טור מכין לבנים,ירושלים,ממלכתי,העיר ירושלים,ערבי,נור ח'טיב,כאלד ראשיד,ז,1,רגיל,22,1,22,100%,0,0%,0,0%
118125- טור מכין לבנים,ירושלים,ממלכתי,העיר ירושלים,ערבי,נור ח'טיב,כאלד ראשיד,ז,2,רגיל,21,1,21,100%,0,0%,0,0%
118133- טור מכין לבנות,ירושלים,ממלכתי,העיר ירושלים,ערבי,נור ח'טיב,מנאל פתיאני,ז,1,רגיל,30,1,30,100%,0,0%,0,0%
118133- טור מכין לבנות,ירושלים,ממלכתי,העיר ירושלים,ערבי,נור ח'טיב,מנאל פתיאני,ז,3,רגיל,29,1,29,100%,0,0%,0,0%
118133- טור מכין לבנות,ירושלים,ממלכתי,העיר ירושלים,ערבי,נור ח'טיב,מנאל פתיאני,ז,2,רגיל,31,1,29,94%,0,0%,0,0%
118158- איבן אל-היית'ם,ירושלים,ממלכתי,העיר ירושלים,ערבי,רנה ח'לף,אסאמה סביטאני,ז,1,רגיל,27,1,27,100%,0,0%,0,0%
118158- איבן אל-היית'ם,ירושלים,ממלכתי,העיר ירושלים,ערבי,רנה ח'לף,אסאמה סביטאני,ז,2,רגיל,27,1,27,100%,0,0%,0,0%
118158- איבן אל-היית'ם,ירושלים,ממלכתי,העיר ירושלים,ערבי,רנה ח'לף,אסאמה סביטאני,ז,4,רגיל,25,1,25,100%,0,0%,0,0%
118158- איבן אל-היית'ם,ירושלים,ממלכתי,העיר ירושלים,ערבי,רנה ח'לף,אסאמה סביטאני,ז,5,רגיל,27,1,26,96%,0,0%,0,0%
118208- סלואן מכין לבנות,ירושלים,ממלכתי,העיר ירושלים,ערבי,מחמד אזברגה,פאטמה פתיחה,ז,2,רגיל,27,1,19,70%,0,0%,0,0%
118208- סלואן מכין לבנות,ירושלים,ממלכתי,העיר ירושלים,ערבי,מחמד אזברגה,פאטמה פתיחה,ז,1,רגיל,28,1,18,64%,0,0%,0,0%
118240- צור באהר מכין,ירושלים,ממלכתי,העיר ירושלים,ערבי,מחמד אזברגה,עארף אבו חאמד,ז,3,רגיל,34,1,34,100%,0,0%,0,0%
118240- צור באהר מכין,ירושלים,ממלכתי,העיר ירושלים,ערבי,מחמד אזברגה,עארף אבו חאמד,ז,2,רגיל,31,1,31,100%,0,0%,0,0%
118240- צור באהר מכין,ירושלים,ממלכתי,העיר ירושלים,ערבי,מחמד אזברגה,עארף אבו חאמד,ז,1,רגיל,31,1,30,97%,0,0%,0,0%
118281- שעפט לבנות א,ירושלים,ממלכתי,העיר ירושלים,ערבי,ח'לדון האדיה,סוזאן כטיב,ז,3,רגיל,24,1,13,54%,0,0%,0,0%
118281- שעפט לבנות א,ירושלים,ממלכתי,העיר ירושלים,ערבי,ח'לדון האדיה,סוזאן כטיב,ז,4,רגיל,29,1,2,7%,0,0%,0,0%
118281- שעפט לבנות א,ירושלים,ממלכתי,העיר ירושלים,ערבי,ח'לדון האדיה,סוזאן כטיב,ז,2,רגיל,23,1,1,4%,0,0%,0,0%
118299- אלתורי לבנות,ירושלים,ממלכתי,העיר ירושלים,ערבי,מחמד אזברגה,מהא סלמן,ז,1,רגיל,27,1,26,96%,0,0%,0,0%
118299- אלתורי לבנות,ירושלים,ממלכתי,העיר ירושלים,ערבי,מחמד אזברגה,מהא סלמן,ז,2,רגיל,20,1,19,95%,0,0%,0,0%
118299- אלתורי לבנות,ירושלים,ממלכתי,העיר ירושלים,ערבי,מחמד אזברגה,מהא סלמן,ז,4,רגיל,26,1,15,58%,0,0%,0,0%
118299- אלתורי לבנות,ירושלים,ממלכתי,העיר ירושלים,ערבי,מחמד אזברגה,מהא סלמן,ז,3,רגיל,28,1,16,57%,0,0%,0,0%
118307- עמריה,ירושלים,ממלכתי,העיר ירושלים,ערבי,ח'לדון האדיה,נפיסה סעידה,ז,2,רגיל,19,1,18,95%,0,0%,0,0%
118307- עמריה,ירושלים,ממלכתי,העיר ירושלים,ערבי,ח'לדון האדיה,נפיסה סעידה,ז,1,רגיל,15,1,13,87%,0,0%,0,0%
118331- מולויה לבנות,ירושלים,ממלכתי,העיר ירושלים,ערבי,ח'לדון האדיה,נהיל אבו סרור,ז,1,רגיל,24,1,22,92%,0,0%,0,0%
118331- מולויה לבנות,ירושלים,ממלכתי,העיר ירושלים,ערבי,ח'לדון האדיה,נהיל אבו סרור,ז,2,רגיל,23,1,21,91%,0,0%,0,0%
140012- אולפנא תורנית חורב,ירושלים,ממלכתי דתי,העיר ירושלים,יהודי,שרה טוויל,עודד עוזיאל מיזליש,ז,5,רגיל,30,1,30,100%,30,100%,30,100%
140012- אולפנא תורנית חורב,ירושלים,ממלכתי דתי,העיר ירושלים,יהודי,שרה טוויל,עודד עוזיאל מיזליש,ז,4,רגיל,31,1,31,100%,30,97%,30,97%
140012- אולפנא תורנית חורב,ירושלים,ממלכתי דתי,העיר ירושלים,יהודי,שרה טוויל,עודד עוזיאל מיזליש,ז,1,רגיל,33,1,33,100%,31,94%,31,94%
140012- אולפנא תורנית חורב,ירושלים,ממלכתי דתי,העיר ירושלים,יהודי,שרה טוויל,עודד עוזיאל מיזליש,ז,3,רגיל,30,1,30,100%,27,90%,27,90%
140038- עירוני דתי רוטשילד,ירושלים,ממלכתי דתי,העיר ירושלים,יהודי,אריה משה מארק,שולמית אייזקס,ז,2,רגיל,22,1,22,100%,0,0%,0,0%
140038- עירוני דתי רוטשילד,ירושלים,ממלכתי דתי,העיר ירושלים,יהודי,אריה משה מארק,שולמית אייזקס,ז,1,רגיל,26,1,25,96%,0,0%,0,0%
140046- עירוני ג',ירושלים,ממלכתי,העיר ירושלים,יהודי,דוד נמרוד-סימרוט,רננה אורון,ז,1,רגיל,18,1,12,67%,0,0%,0,0%
140046- עירוני ג',ירושלים,ממלכתי,העיר ירושלים,יהודי,דוד נמרוד-סימרוט,רננה אורון,ז,3,רגיל,20,1,12,60%,0,0%,0,0%
140046- עירוני ג',ירושלים,ממלכתי,העיר ירושלים,יהודי,דוד נמרוד-סימרוט,רננה אורון,ז,2,מיוחד,6,1,1,17%,0,0%,0,0%
140053- אקדמיה למוסיקה,ירושלים,ממלכתי,העיר ירושלים,יהודי,דוד נמרוד-סימרוט,אילנה אוריצקי,ז,2,רגיל,22,1,21,95%,0,0%,0,0%
140053- אקדמיה למוסיקה,ירושלים,ממלכתי,העיר ירושלים,יהודי,דוד נמרוד-סימרוט,אילנה אוריצקי,ז,1,רגיל,21,1,20,95%,0,0%,0,0%
140061- תכון ליד האוניברסיטה,ירושלים,ממלכתי,העיר ירושלים,יהודי,דוד נמרוד-סימרוט,ארז הקר,ז,6,רגיל,24,1,24,100%,4,17%,4,17%
140061- תכון ליד האוניברסיטה,ירושלים,ממלכתי,העיר ירושלים,יהודי,דוד נמרוד-סימרוט,ארז הקר,ז,5,רגיל,26,1,26,100%,4,15%,4,15%
140061- תכון ליד האוניברסיטה,ירושלים,ממלכתי,העיר ירושלים,יהודי,דוד נמרוד-סימרוט,ארז הקר,ז,4,רגיל,28,1,28,100%,3,11%,3,11%
140061- תכון ליד האוניברסיטה,ירושלים,ממלכתי,העיר ירושלים,יהודי,דוד נמרוד-סימרוט,ארז הקר,ז,1,רגיל,40,1,39,98%,3,8%,3,8%
140061- תכון ליד האוניברסיטה,ירושלים,ממלכתי,העיר ירושלים,יהודי,דוד נמרוד-סימרוט,ארז הקר,ז,2,רגיל,31,1,32,103%,1,3%,1,3%
140061- תכון ליד האוניברסיטה,ירושלים,ממלכתי,העיר ירושלים,יהודי,דוד נמרוד-סימרוט,ארז הקר,ז,3,רגיל,21,1,21,100%,0,0%,0,0%
140061- תכון ליד האוניברסיטה,ירושלים,ממלכתי,העיר ירושלים,יהודי,דוד נמרוד-סימרוט,ארז הקר,ז,8,מיוחד,5,1,3,60%,0,0%,0,0%
140079- הגמנסיה העברית,ירושלים,ממלכתי,העיר ירושלים,יהודי,דוד נמרוד-סימרוט,עופר טס,ז,4,רגיל,27,1,27,100%,0,0%,0,0%
140079- הגמנסיה העברית,ירושלים,ממלכתי,העיר ירושלים,יהודי,דוד נמרוד-סימרוט,עופר טס,ז,3,רגיל,34,1,33,97%,0,0%,0,0%
140079- הגמנסיה העברית,ירושלים,ממלכתי,העיר ירושלים,יהודי,דוד נמרוד-סימרוט,עופר טס,ז,2,רגיל,29,1,24,83%,0,0%,0,0%
140079- הגמנסיה העברית,ירושלים,ממלכתי,העיר ירושלים,יהודי,דוד נמרוד-סימרוט,עופר טס,ז,1,רגיל,31,1,24,77%,0,0%,0,0%
140079- הגמנסיה העברית,ירושלים,ממלכתי,העיר ירושלים,יהודי,דוד נמרוד-סימרוט,עופר טס,ז,7,מיוחד,7,1,3,43%,0,0%,0,0%
140087- רנה קסין דרכא,ירושלים,ממלכתי,העיר ירושלים,יהודי,דוד נמרוד-סימרוט,שגיא כהן,ז,1,רגיל,29,1,26,90%,0,0%,0,0%
"140103- תיכון ע""ש בויאר",ירושלים,ממלכתי,העיר ירושלים,יהודי,דוד נמרוד-סימרוט,דפנה מנשה-ברוך,ז,2,רגיל,35,1,35,100%,0,0%,0,0%
"140103- תיכון ע""ש בויאר",ירושלים,ממלכתי,העיר ירושלים,יהודי,דוד נמרוד-סימרוט,דפנה מנשה-ברוך,ז,1,רגיל,34,1,34,100%,0,0%,0,0%
"140103- תיכון ע""ש בויאר",ירושלים,ממלכתי,העיר ירושלים,יהודי,דוד נמרוד-סימרוט,דפנה מנשה-ברוך,ז,3,רגיל,31,1,31,100%,0,0%,0,0%
140129- קרית נוער ירושלים,ירושלים,ממלכתי דתי,העיר ירושלים,יהודי,אריה משה מארק,אביחי חרזי,ז,3,רגיל,26,1,20,77%,0,0%,0,0%
140129- קרית נוער ירושלים,ירושלים,ממלכתי דתי,העיר ירושלים,יהודי,אריה משה מארק,אביחי חרזי,ז,6,רגיל,19,1,12,63%,0,0%,0,0%
140129- קרית נוער ירושלים,ירושלים,ממלכתי דתי,העיר ירושלים,יהודי,אריה משה מארק,אביחי חרזי,ז,5,רגיל,25,1,12,48%,0,0%,0,0%
140137- ישיבת נתיב מאיר,ירושלים,ממלכתי דתי,העיר ירושלים,יהודי,אריה משה מארק,משה מאיר וייס,ז,1,רגיל,21,1,13,62%,0,0%,0,0%
140137- ישיבת נתיב מאיר,ירושלים,ממלכתי דתי,העיר ירושלים,יהודי,אריה משה מארק,משה מאיר וייס,ז,3,רגיל,20,1,11,55%,0,0%,0,0%
140145- ישיבת חורב,ירושלים,ממלכתי דתי,העיר ירושלים,יהודי,אריה משה מארק,יצחק דור,ז,1,רגיל,30,1,30,100%,0,0%,0,0%
140145- ישיבת חורב,ירושלים,ממלכתי דתי,העיר ירושלים,יהודי,אריה משה מארק,יצחק דור,ז,4,רגיל,30,1,12,40%,0,0%,0,0%
140145- ישיבת חורב,ירושלים,ממלכתי דתי,העיר ירושלים,יהודי,אריה משה מארק,יצחק דור,ז,2,רגיל,31,1,11,35%,0,0%,0,0%
"140186- תורני ע""ש פ. הימלפרב",ירושלים,ממלכתי דתי,העיר ירושלים,יהודי,אריה משה מארק,שלמה דנינו,ז,3,רגיל,32,1,32,100%,0,0%,0,0%
"140186- תורני ע""ש פ. הימלפרב",ירושלים,ממלכתי דתי,העיר ירושלים,יהודי,אריה משה מארק,שלמה דנינו,ז,1,רגיל,31,1,31,100%,0,0%,0,0%
"140186- תורני ע""ש פ. הימלפרב",ירושלים,ממלכתי דתי,העיר ירושלים,יהודי,אריה משה מארק,שלמה דנינו,ז,2,רגיל,31,1,31,100%,0,0%,0,0%
"140186- תורני ע""ש פ. הימלפרב",ירושלים,ממלכתי דתי,העיר ירושלים,יהודי,אריה משה מארק,שלמה דנינו,ז,5,רגיל,30,1,30,100%,0,0%,0,0%
"140186- תורני ע""ש פ. הימלפרב",ירושלים,ממלכתי דתי,העיר ירושלים,יהודי,אריה משה מארק,שלמה דנינו,ז,4,מיוחד,7,1,7,100%,0,0%,0,0%
140202- עתיד שחר בית שמש,בית שמש,ממלכתי דתי,ירושלים,יהודי,תמר אודס,אלינור ביטון,ז,2,רגיל,23,1,23,100%,0,0%,0,0%
140202- עתיד שחר בית שמש,בית שמש,ממלכתי דתי,ירושלים,יהודי,תמר אודס,אלינור ביטון,ז,1,רגיל,22,1,22,100%,0,0%,0,0%
140202- עתיד שחר בית שמש,בית שמש,ממלכתי דתי,ירושלים,יהודי,תמר אודס,אלינור ביטון,ז,3,מיוחד,12,1,12,100%,0,0%,0,0%
140236- תורני נסויי בנות פלך,ירושלים,ממלכתי דתי,העיר ירושלים,יהודי,אריה משה מארק,יעל-סופי פפר,ז,3,רגיל,32,1,32,100%,24,75%,24,75%
140236- תורני נסויי בנות פלך,ירושלים,ממלכתי דתי,העיר ירושלים,יהודי,אריה משה מארק,יעל-סופי פפר,ז,1,רגיל,33,1,33,100%,22,67%,22,67%
140236- תורני נסויי בנות פלך,ירושלים,ממלכתי דתי,העיר ירושלים,יהודי,אריה משה מארק,יעל-סופי פפר,ז,4,רגיל,32,1,32,100%,20,63%,20,63%
140277- מדרשיית עמליה,ירושלים,ממלכתי דתי,העיר ירושלים,יהודי,שרה טוויל,יעל פרגון,ז,1,רגיל,26,1,25,96%,0,0%,0,0%
140491- אולפנת צביה ירושלים,ירושלים,ממלכתי דתי,העיר ירושלים,יהודי,שרה טוויל,עירית הלוי,ז,1,רגיל,32,1,32,100%,0,0%,0,0%
140665- אולפנא לבנות,קרית ארבע,ממלכתי דתי,ירושלים,יהודי,יעקב עמר,שילה דגנית הלוי,ז,2,רגיל,22,1,22,100%,0,0%,0,0%
140665- אולפנא לבנות,קרית ארבע,ממלכתי דתי,ירושלים,יהודי,יעקב עמר,שילה דגנית הלוי,ז,3,רגיל,22,1,22,100%,0,0%,0,0%
140665- אולפנא לבנות,קרית ארבע,ממלכתי דתי,ירושלים,יהודי,יעקב עמר,שילה דגנית הלוי,ז,1,רגיל,22,1,21,95%,0,0%,0,0%
140665- אולפנא לבנות,קרית ארבע,ממלכתי דתי,ירושלים,יהודי,יעקב עמר,שילה דגנית הלוי,ז,4,מיוחד,11,1,10,91%,0,0%,0,0%
"140723- מקיף ע""ש זיו",ירושלים,ממלכתי,העיר ירושלים,יהודי,דוד נמרוד-סימרוט,אורן לאלו,ז,1,רגיל,34,1,34,100%,28,82%,28,82%
"140723- מקיף ע""ש זיו",ירושלים,ממלכתי,העיר ירושלים,יהודי,דוד נמרוד-סימרוט,אורן לאלו,ז,2,רגיל,32,1,27,84%,23,72%,23,72%
"140723- מקיף ע""ש זיו",ירושלים,ממלכתי,העיר ירושלים,יהודי,דוד נמרוד-סימרוט,אורן לאלו,ז,5,רגיל,33,1,33,100%,23,70%,23,70%
"140723- מקיף ע""ש זיו",ירושלים,ממלכתי,העיר ירושלים,יהודי,דוד נמרוד-סימרוט,אורן לאלו,ז,4,רגיל,31,1,31,100%,12,39%,12,39%
"140723- מקיף ע""ש זיו",ירושלים,ממלכתי,העיר ירושלים,יהודי,דוד נמרוד-סימרוט,אורן לאלו,ז,6,מיוחד,12,1,12,100%,0,0%,0,0%
"140723- מקיף ע""ש זיו",ירושלים,ממלכתי,העיר ירושלים,יהודי,דוד נמרוד-סימרוט,אורן לאלו,ז,3,רגיל,31,1,25,81%,0,0%,0,0%
140731- מקיף גילה,ירושלים,ממלכתי,העיר ירושלים,יהודי,דוד נמרוד-סימרוט,אייל רייכמן,ז,2,רגיל,27,1,27,100%,24,89%,24,89%
140731- מקיף גילה,ירושלים,ממלכתי,העיר ירושלים,יהודי,דוד נמרוד-סימרוט,אייל רייכמן,ז,1,רגיל,19,1,19,100%,0,0%,0,0%
140806- תיכון לאומנויות,ירושלים,ממלכתי,העיר ירושלים,יהודי,דוד נמרוד-סימרוט,תומר בליטי דגן,ז,1,רגיל,31,1,27,87%,0,0%,0,0%
140806- תיכון לאומנויות,ירושלים,ממלכתי,העיר ירושלים,יהודי,דוד נמרוד-סימרוט,תומר בליטי דגן,ז,2,רגיל,27,1,16,59%,0,0%,0,0%
140806- תיכון לאומנויות,ירושלים,ממלכתי,העיר ירושלים,יהודי,דוד נמרוד-סימרוט,תומר בליטי דגן,ז,3,רגיל,27,1,13,48%,0,0%,0,0%
140806- תיכון לאומנויות,ירושלים,ממלכתי,העיר ירושלים,יהודי,דוד נמרוד-סימרוט,תומר בליטי דגן,ז,6,מיוחד,7,1,3,43%,0,0%,0,0%
"140855- חט""ב מבשרת",מבשרת ציון,ממלכתי,ירושלים,יהודי,ציפי יעקב,גליה שניידר,ז,1,רגיל,35,1,35,100%,0,0%,0,0%
"140855- חט""ב מבשרת",מבשרת ציון,ממלכתי,ירושלים,יהודי,ציפי יעקב,גליה שניידר,ז,6,רגיל,35,1,35,100%,0,0%,0,0%
"140855- חט""ב מבשרת",מבשרת ציון,ממלכתי,ירושלים,יהודי,ציפי יעקב,גליה שניידר,ז,2,רגיל,33,1,33,100%,0,0%,0,0%
"140855- חט""ב מבשרת",מבשרת ציון,ממלכתי,ירושלים,יהודי,ציפי יעקב,גליה שניידר,ז,3,רגיל,32,1,32,100%,0,0%,0,0%
"140855- חט""ב מבשרת",מבשרת ציון,ממלכתי,ירושלים,יהודי,ציפי יעקב,גליה שניידר,ז,4,רגיל,30,1,30,100%,0,0%,0,0%
"140855- חט""ב מבשרת",מבשרת ציון,ממלכתי,ירושלים,יהודי,ציפי יעקב,גליה שניידר,ז,7,רגיל,30,1,30,100%,0,0%,0,0%
"140855- חט""ב מבשרת",מבשרת ציון,ממלכתי,ירושלים,יהודי,ציפי יעקב,גליה שניידר,ז,8,רגיל,30,1,30,100%,0,0%,0,0%
"140855- חט""ב מבשרת",מבשרת ציון,ממלכתי,ירושלים,יהודי,ציפי יעקב,גליה שניידר,ז,5,רגיל,26,1,26,100%,0,0%,0,0%
140863- עמל דקל וילנאי,מעלה אדומים,ממלכתי,ירושלים,יהודי,ציפי יעקב,דינה זייצב,ז,3,רגיל,33,1,33,100%,0,0%,0,0%
140863- עמל דקל וילנאי,מעלה אדומים,ממלכתי,ירושלים,יהודי,ציפי יעקב,דינה זייצב,ז,4,רגיל,33,1,33,100%,0,0%,0,0%
140863- עמל דקל וילנאי,מעלה אדומים,ממלכתי,ירושלים,יהודי,ציפי יעקב,דינה זייצב,ז,5,רגיל,31,1,31,100%,0,0%,0,0%
140863- עמל דקל וילנאי,מעלה אדומים,ממלכתי,ירושלים,יהודי,ציפי יעקב,דינה זייצב,ז,1,רגיל,30,1,30,100%,0,0%,0,0%
140863- עמל דקל וילנאי,מעלה אדומים,ממלכתי,ירושלים,יהודי,ציפי יעקב,דינה זייצב,ז,6,מיוחד,12,1,12,100%,0,0%,0,0%
140863- עמל דקל וילנאי,מעלה אדומים,ממלכתי,ירושלים,יהודי,ציפי יעקב,דינה זייצב,ז,8,מיוחד,6,1,6,100%,0,0%,0,0%
140863- עמל דקל וילנאי,מעלה אדומים,ממלכתי,ירושלים,יהודי,ציפי יעקב,דינה זייצב,ז,2,רגיל,32,1,31,97%,0,0%,0,0%
140871- תיכון גבעת גונן,ירושלים,ממלכתי,העיר ירושלים,יהודי,דוד נמרוד-סימרוט,אוהד הופמן,ז,1,רגיל,22,1,22,100%,0,0%,0,0%
140871- תיכון גבעת גונן,ירושלים,ממלכתי,העיר ירושלים,יהודי,דוד נמרוד-סימרוט,אוהד הופמן,ז,2,רגיל,30,1,25,83%,0,0%,0,0%
"140889- חט""ב בנים קרית ארבע",קרית ארבע,ממלכתי דתי,ירושלים,יהודי,יעקב עמר,מנחם סעדיה,ז,4,רגיל,29,1,28,97%,0,0%,0,0%
"140889- חט""ב בנים קרית ארבע",קרית ארבע,ממלכתי דתי,ירושלים,יהודי,יעקב עמר,מנחם סעדיה,ז,1,רגיל,31,1,29,94%,0,0%,0,0%
"140939- ישיבת בנ""ע מטה בנימין",מטה בנימין,ממלכתי דתי,ירושלים,יהודי,יעקב עמר,נסים ניצן ימין,ז,3,רגיל,30,1,9,30%,0,0%,0,0%
"140939- ישיבת בנ""ע מטה בנימין",מטה בנימין,ממלכתי דתי,ירושלים,יהודי,יעקב עמר,נסים ניצן ימין,ז,1,רגיל,34,1,7,21%,0,0%,0,0%
"140939- ישיבת בנ""ע מטה בנימין",מטה בנימין,ממלכתי דתי,ירושלים,יהודי,יעקב עמר,נסים ניצן ימין,ז,5,מיוחד,6,1,1,17%,0,0%,0,0%
140962- עירוני מסורתי,ירושלים,ממלכתי,העיר ירושלים,יהודי,דוד נמרוד-סימרוט,יאיר אלברטון,ז,2,רגיל,21,1,21,100%,0,0%,0,0%
140962- עירוני מסורתי,ירושלים,ממלכתי,העיר ירושלים,יהודי,דוד נמרוד-סימרוט,יאיר אלברטון,ז,4,מיוחד,7,1,7,100%,0,0%,0,0%
140962- עירוני מסורתי,ירושלים,ממלכתי,העיר ירושלים,יהודי,דוד נמרוד-סימרוט,יאיר אלברטון,ז,1,רגיל,22,1,21,95%,0,0%,0,0%
140970- אולפנא עופרה,מטה בנימין,ממלכתי דתי,ירושלים,יהודי,יעקב עמר,אביה זאב ששר,ז,2,רגיל,30,1,30,100%,0,0%,0,0%
140970- אולפנא עופרה,מטה בנימין,ממלכתי דתי,ירושלים,יהודי,יעקב עמר,אביה זאב ששר,ז,4,רגיל,30,1,30,100%,0,0%,0,0%
140970- אולפנא עופרה,מטה בנימין,ממלכתי דתי,ירושלים,יהודי,יעקב עמר,אביה זאב ששר,ז,1,רגיל,29,1,29,100%,0,0%,0,0%
140970- אולפנא עופרה,מטה בנימין,ממלכתי דתי,ירושלים,יהודי,יעקב עמר,אביה זאב ששר,ז,5,רגיל,29,1,29,100%,0,0%,0,0%
140970- אולפנא עופרה,מטה בנימין,ממלכתי דתי,ירושלים,יהודי,יעקב עמר,אביה זאב ששר,ז,6,מיוחד,6,1,6,100%,0,0%,0,0%
140970- אולפנא עופרה,מטה בנימין,ממלכתי דתי,ירושלים,יהודי,יעקב עמר,אביה זאב ששר,ז,3,מיוחד,7,1,6,86%,0,0%,0,0%
"141002- חט""ב יצחק רבין",גבעת זאב,ממלכתי,ירושלים,יהודי,ציפי יעקב,מזל רחל שמש,ז,1,רגיל,27,1,27,100%,0,0%,0,0%
141010- חטב מכללת אורט גבעת רם ירושלים,ירושלים,ממלכתי,העיר ירושלים,יהודי,דוד נמרוד-סימרוט,מיכל דלאל,ז,2,רגיל,29,1,29,100%,0,0%,0,0%
141010- חטב מכללת אורט גבעת רם ירושלים,ירושלים,ממלכתי,העיר ירושלים,יהודי,דוד נמרוד-סימרוט,מיכל דלאל,ז,1,רגיל,28,1,28,100%,0,0%,0,0%
141010- חטב מכללת אורט גבעת רם ירושלים,ירושלים,ממלכתי,העיר ירושלים,יהודי,דוד נמרוד-סימרוט,מיכל דלאל,ז,3,מיוחד,10,1,2,20%,0,0%,0,0%
141168- תורני לבנות ב.שולמית,ירושלים,ממלכתי דתי,העיר ירושלים,יהודי,אריה משה מארק,אמיתי יצחק שחור,ז,1,רגיל,36,1,20,56%,0,0%,0,0%
141176- אולפנת צביה מ. אדומים,מעלה אדומים,ממלכתי דתי,ירושלים,יהודי,יעקב עמר,שלמה נריה ירושלים,ז,2,רגיל,33,1,33,100%,0,0%,0,0%
141176- אולפנת צביה מ. אדומים,מעלה אדומים,ממלכתי דתי,ירושלים,יהודי,יעקב עמר,שלמה נריה ירושלים,ז,1,רגיל,31,1,31,100%,0,0%,0,0%
141309- עירוני פסגת זאב,ירושלים,ממלכתי,העיר ירושלים,יהודי,דוד נמרוד-סימרוט,סוניה רפאלי,ז,1,רגיל,24,1,24,100%,0,0%,0,0%
141309- עירוני פסגת זאב,ירושלים,ממלכתי,העיר ירושלים,יהודי,דוד נמרוד-סימרוט,סוניה רפאלי,ז,3,רגיל,19,1,19,100%,0,0%,0,0%
141309- עירוני פסגת זאב,ירושלים,ממלכתי,העיר ירושלים,יהודי,דוד נמרוד-סימרוט,סוניה רפאלי,ז,2,מיוחד,15,1,15,100%,0,0%,0,0%
141309- עירוני פסגת זאב,ירושלים,ממלכתי,העיר ירושלים,יהודי,דוד נמרוד-סימרוט,סוניה רפאלי,ז,4,רגיל,19,1,18,95%,0,0%,0,0%
141390- מדרשיית עלמא אמונה,ירושלים,ממלכתי דתי,העיר ירושלים,יהודי,שרה טוויל,הדס גודמן,ז,2,רגיל,30,1,30,100%,0,0%,0,0%
141390- מדרשיית עלמא אמונה,ירושלים,ממלכתי דתי,העיר ירושלים,יהודי,שרה טוויל,הדס גודמן,ז,1,רגיל,29,1,29,100%,0,0%,0,0%
141390- מדרשיית עלמא אמונה,ירושלים,ממלכתי דתי,העיר ירושלים,יהודי,שרה טוויל,הדס גודמן,ז,3,רגיל,32,1,31,97%,0,0%,0,0%
141499- אור תורה סטון לבנים,ירושלים,ממלכתי דתי,העיר ירושלים,יהודי,אריה משה מארק,יהונתן יפת,ז,5,רגיל,24,1,23,96%,0,0%,0,0%
141499- אור תורה סטון לבנים,ירושלים,ממלכתי דתי,העיר ירושלים,יהודי,אריה משה מארק,יהונתן יפת,ז,3,מיוחד,6,1,5,83%,0,0%,0,0%
141499- אור תורה סטון לבנים,ירושלים,ממלכתי דתי,העיר ירושלים,יהודי,אריה משה מארק,יהונתן יפת,ז,1,רגיל,18,1,13,72%,0,0%,0,0%
141549- אור תורה סטון לבנות,ירושלים,ממלכתי דתי,העיר ירושלים,יהודי,שרה טוויל,חנה עסיס,ז,3,רגיל,34,1,34,100%,0,0%,0,0%
141549- אור תורה סטון לבנות,ירושלים,ממלכתי דתי,העיר ירושלים,יהודי,שרה טוויל,חנה עסיס,ז,1,רגיל,33,1,33,100%,0,0%,0,0%
141549- אור תורה סטון לבנות,ירושלים,ממלכתי דתי,העיר ירושלים,יהודי,שרה טוויל,חנה עסיס,ז,2,רגיל,32,1,32,100%,0,0%,0,0%
141549- אור תורה סטון לבנות,ירושלים,ממלכתי דתי,העיר ירושלים,יהודי,שרה טוויל,חנה עסיס,ז,4,רגיל,32,1,32,100%,0,0%,0,0%
141754- ישיבה תיכ' תורה ומדע,ירושלים,ממלכתי דתי,העיר ירושלים,יהודי,שרה טוויל,רפאל עמיחי בובליל,ז,1,רגיל,33,1,33,100%,0,0%,0,0%
143404- אהל שילה בנים,מטה בנימין,ממלכתי דתי,ירושלים,יהודי,יוסף יעקב שינובר,רפאל ממן,ז,1,רגיל,30,1,15,50%,0,0%,0,0%
143404- אהל שילה בנים,מטה בנימין,ממלכתי דתי,ירושלים,יהודי,יוסף יעקב שינובר,רפאל ממן,ז,2,רגיל,31,1,11,35%,0,0%,0,0%
144097- המרכז הישראלי למצוינות בחינוך,ירושלים,ממלכתי,העיר ירושלים,יהודי,דוד נמרוד-סימרוט,נועה שפי,ז,1,רגיל,28,1,28,100%,0,0%,0,0%
144097- המרכז הישראלי למצוינות בחינוך,ירושלים,ממלכתי,העיר ירושלים,יהודי,דוד נמרוד-סימרוט,נועה שפי,ז,2,רגיל,28,1,28,100%,0,0%,0,0%
144220- תורני נסויי הרטמן,ירושלים,ממלכתי דתי,העיר ירושלים,יהודי,שרה טוויל,שאול דוד,ז,1,רגיל,31,1,31,100%,0,0%,0,0%
144220- תורני נסויי הרטמן,ירושלים,ממלכתי דתי,העיר ירושלים,יהודי,שרה טוויל,שאול דוד,ז,2,רגיל,29,1,29,100%,0,0%,0,0%
144220- תורני נסויי הרטמן,ירושלים,ממלכתי דתי,העיר ירושלים,יהודי,שרה טוויל,שאול דוד,ז,3,מיוחד,7,1,3,43%,0,0%,0,0%
144329- תיכון מכבים רעות,מודיעין מכבים רעות,ממלכתי,ירושלים,יהודי,ציפי יעקב,רוני אהרון פולט,ז,4,רגיל,34,1,34,100%,0,0%,0,0%
144329- תיכון מכבים רעות,מודיעין מכבים רעות,ממלכתי,ירושלים,יהודי,ציפי יעקב,רוני אהרון פולט,ז,5,רגיל,34,1,34,100%,0,0%,0,0%
144329- תיכון מכבים רעות,מודיעין מכבים רעות,ממלכתי,ירושלים,יהודי,ציפי יעקב,רוני אהרון פולט,ז,2,רגיל,33,1,33,100%,0,0%,0,0%
144329- תיכון מכבים רעות,מודיעין מכבים רעות,ממלכתי,ירושלים,יהודי,ציפי יעקב,רוני אהרון פולט,ז,3,רגיל,33,1,33,100%,0,0%,0,0%
144329- תיכון מכבים רעות,מודיעין מכבים רעות,ממלכתי,ירושלים,יהודי,ציפי יעקב,רוני אהרון פולט,ז,1,רגיל,31,1,31,100%,0,0%,0,0%
144329- תיכון מכבים רעות,מודיעין מכבים רעות,ממלכתי,ירושלים,יהודי,ציפי יעקב,רוני אהרון פולט,ז,6,מיוחד,9,1,5,56%,0,0%,0,0%
144329- תיכון מכבים רעות,מודיעין מכבים רעות,ממלכתי,ירושלים,יהודי,ציפי יעקב,רוני אהרון פולט,ז,7,מיוחד,7,1,2,29%,0,0%,0,0%
144428- ישיבת צביה מ.אדומים,מעלה אדומים,ממלכתי דתי,ירושלים,יהודי,יעקב עמר,יוסף מנחם פרנקל,ז,3,רגיל,30,1,30,100%,0,0%,0,0%
144428- ישיבת צביה מ.אדומים,מעלה אדומים,ממלכתי דתי,ירושלים,יהודי,יעקב עמר,יוסף מנחם פרנקל,ז,2,רגיל,29,1,29,100%,0,0%,0,0%
144592- קדמה ירושלים,ירושלים,ממלכתי,העיר ירושלים,יהודי,דוד נמרוד-סימרוט,מיכל חדאד,ז,1,רגיל,18,1,17,94%,0,0%,0,0%
144600- ישיבה שעלי תורה,בית שמש,ממלכתי דתי,ירושלים,יהודי,תמר אודס,תומר זאבי,ז,1,רגיל,29,1,29,100%,0,0%,0,0%
144600- ישיבה שעלי תורה,בית שמש,ממלכתי דתי,ירושלים,יהודי,תמר אודס,תומר זאבי,ז,3,רגיל,25,1,25,100%,0,0%,0,0%
144600- ישיבה שעלי תורה,בית שמש,ממלכתי דתי,ירושלים,יהודי,תמר אודס,תומר זאבי,ז,4,רגיל,25,1,25,100%,0,0%,0,0%
144626- תבל גבעה צרפתית,ירושלים,ממלכתי,העיר ירושלים,יהודי,דוד נמרוד-סימרוט,נחמה נשי נפתלי,ז,1,רגיל,28,1,28,100%,0,0%,0,0%
144626- תבל גבעה צרפתית,ירושלים,ממלכתי,העיר ירושלים,יהודי,דוד נמרוד-סימרוט,נחמה נשי נפתלי,ז,2,מיוחד,4,1,4,100%,0,0%,0,0%
"144675- ע""ש יצחק רבין עי""ס",מודיעין מכבים רעות,ממלכתי,ירושלים,יהודי,ציפי יעקב,רבקה ריקי נגרי,ז,1,רגיל,38,1,38,100%,0,0%,0,0%
"144675- ע""ש יצחק רבין עי""ס",מודיעין מכבים רעות,ממלכתי,ירושלים,יהודי,ציפי יעקב,רבקה ריקי נגרי,ז,5,רגיל,37,1,37,100%,0,0%,0,0%
"144675- ע""ש יצחק רבין עי""ס",מודיעין מכבים רעות,ממלכתי,ירושלים,יהודי,ציפי יעקב,רבקה ריקי נגרי,ז,6,רגיל,37,1,37,100%,0,0%,0,0%
"144675- ע""ש יצחק רבין עי""ס",מודיעין מכבים רעות,ממלכתי,ירושלים,יהודי,ציפי יעקב,רבקה ריקי נגרי,ז,2,רגיל,35,1,35,100%,0,0%,0,0%
"144675- ע""ש יצחק רבין עי""ס",מודיעין מכבים רעות,ממלכתי,ירושלים,יהודי,ציפי יעקב,רבקה ריקי נגרי,ז,4,רגיל,35,1,35,100%,0,0%,0,0%
"144675- ע""ש יצחק רבין עי""ס",מודיעין מכבים רעות,ממלכתי,ירושלים,יהודי,ציפי יעקב,רבקה ריקי נגרי,ז,3,מיוחד,15,1,1,7%,0,0%,0,0%
144683- עירוני א',מודיעין מכבים רעות,ממלכתי,ירושלים,יהודי,ציפי יעקב,דביר שלומי,ז,2,רגיל,40,1,40,100%,0,0%,0,0%
144683- עירוני א',מודיעין מכבים רעות,ממלכתי,ירושלים,יהודי,ציפי יעקב,דביר שלומי,ז,5,רגיל,40,1,40,100%,0,0%,0,0%
144683- עירוני א',מודיעין מכבים רעות,ממלכתי,ירושלים,יהודי,ציפי יעקב,דביר שלומי,ז,6,רגיל,40,1,40,100%,0,0%,0,0%
144683- עירוני א',מודיעין מכבים רעות,ממלכתי,ירושלים,יהודי,ציפי יעקב,דביר שלומי,ז,1,רגיל,38,1,38,100%,0,0%,0,0%
144683- עירוני א',מודיעין מכבים רעות,ממלכתי,ירושלים,יהודי,ציפי יעקב,דביר שלומי,ז,4,רגיל,36,1,36,100%,0,0%,0,0%
144683- עירוני א',מודיעין מכבים רעות,ממלכתי,ירושלים,יהודי,ציפי יעקב,דביר שלומי,ז,7,רגיל,27,1,27,100%,0,0%,0,0%
144691- ישיבת נעם,ירושלים,ממלכתי דתי,העיר ירושלים,יהודי,אריה משה מארק,אבישי סגל,ז,4,מיוחד,7,1,1,14%,0,0%,0,0%
144691- ישיבת נעם,ירושלים,ממלכתי דתי,העיר ירושלים,יהודי,אריה משה מארק,אבישי סגל,ז,2,רגיל,25,1,2,8%,0,0%,0,0%
144691- ישיבת נעם,ירושלים,ממלכתי דתי,העיר ירושלים,יהודי,אריה משה מארק,אבישי סגל,ז,3,רגיל,23,1,1,4%,0,0%,0,0%
144691- ישיבת נעם,ירושלים,ממלכתי דתי,העיר ירושלים,יהודי,אריה משה מארק,אבישי סגל,ז,1,רגיל,25,1,1,4%,0,0%,0,0%
"144717- אולפנת בנ""ע אורות מודיעין",מודיעין מכבים רעות,ממלכתי דתי,ירושלים,יהודי,תמר אודס,סגלית נחום,ז,1,רגיל,30,1,30,100%,0,0%,0,0%
"144717- אולפנת בנ""ע אורות מודיעין",מודיעין מכבים רעות,ממלכתי דתי,ירושלים,יהודי,תמר אודס,סגלית נחום,ז,2,רגיל,30,1,30,100%,0,0%,0,0%
"144717- אולפנת בנ""ע אורות מודיעין",מודיעין מכבים רעות,ממלכתי דתי,ירושלים,יהודי,תמר אודס,סגלית נחום,ז,4,רגיל,30,1,30,100%,0,0%,0,0%
"144717- אולפנת בנ""ע אורות מודיעין",מודיעין מכבים רעות,ממלכתי דתי,ירושלים,יהודי,תמר אודס,סגלית נחום,ז,5,רגיל,27,1,26,96%,0,0%,0,0%
"144741- ע""ש רא""ל מרדכי גור",מודיעין מכבים רעות,ממלכתי,ירושלים,יהודי,ציפי יעקב,שרית סנואני,ז,1,רגיל,36,1,36,100%,0,0%,0,0%
"144741- ע""ש רא""ל מרדכי גור",מודיעין מכבים רעות,ממלכתי,ירושלים,יהודי,ציפי יעקב,שרית סנואני,ז,6,רגיל,35,1,35,100%,0,0%,0,0%
"144741- ע""ש רא""ל מרדכי גור",מודיעין מכבים רעות,ממלכתי,ירושלים,יהודי,ציפי יעקב,שרית סנואני,ז,2,רגיל,34,1,34,100%,0,0%,0,0%
"144741- ע""ש רא""ל מרדכי גור",מודיעין מכבים רעות,ממלכתי,ירושלים,יהודי,ציפי יעקב,שרית סנואני,ז,5,רגיל,33,1,33,100%,0,0%,0,0%
"144741- ע""ש רא""ל מרדכי גור",מודיעין מכבים רעות,ממלכתי,ירושלים,יהודי,ציפי יעקב,שרית סנואני,ז,4,רגיל,32,1,32,100%,0,0%,0,0%
"144741- ע""ש רא""ל מרדכי גור",מודיעין מכבים רעות,ממלכתי,ירושלים,יהודי,ציפי יעקב,שרית סנואני,ז,3,מיוחד,14,1,1,7%,0,0%,0,0%
"144758- ישיבת בנ""ע פסגת זאב",ירושלים,ממלכתי דתי,העיר ירושלים,יהודי,שרה טוויל,רענן-יוסף שרמן,ז,2,מיוחד,12,1,12,100%,0,0%,0,0%
"144758- ישיבת בנ""ע פסגת זאב",ירושלים,ממלכתי דתי,העיר ירושלים,יהודי,שרה טוויל,רענן-יוסף שרמן,ז,1,רגיל,32,1,27,84%,0,0%,0,0%
"144766- ישיבת בנ""ע נר תמיד חשמונאים",מטה בנימין,ממלכתי דתי,ירושלים,יהודי,תמר אודס,איתמר ליברמן,ז,3,רגיל,36,1,34,94%,0,0%,0,0%
"144766- ישיבת בנ""ע נר תמיד חשמונאים",מטה בנימין,ממלכתי דתי,ירושלים,יהודי,תמר אודס,איתמר ליברמן,ז,4,רגיל,24,1,19,79%,0,0%,0,0%
"144766- ישיבת בנ""ע נר תמיד חשמונאים",מטה בנימין,ממלכתי דתי,ירושלים,יהודי,תמר אודס,איתמר ליברמן,ז,1,רגיל,27,1,21,78%,0,0%,0,0%
"144766- ישיבת בנ""ע נר תמיד חשמונאים",מטה בנימין,ממלכתי דתי,ירושלים,יהודי,תמר אודס,איתמר ליברמן,ז,2,מיוחד,15,1,10,67%,0,0%,0,0%
148056- תיכון בית צפאפא,ירושלים,ממלכתי,העיר ירושלים,ערבי,נגוהה פרחאת,האשם בדר,ז,3,רגיל,34,1,34,100%,0,0%,0,0%
148056- תיכון בית צפאפא,ירושלים,ממלכתי,העיר ירושלים,ערבי,נגוהה פרחאת,האשם בדר,ז,4,רגיל,32,1,32,100%,0,0%,0,0%
148056- תיכון בית צפאפא,ירושלים,ממלכתי,העיר ירושלים,ערבי,נגוהה פרחאת,האשם בדר,ז,7,רגיל,28,1,28,100%,0,0%,0,0%
148056- תיכון בית צפאפא,ירושלים,ממלכתי,העיר ירושלים,ערבי,נגוהה פרחאת,האשם בדר,ז,5,רגיל,25,1,25,100%,0,0%,0,0%
148056- תיכון בית צפאפא,ירושלים,ממלכתי,העיר ירושלים,ערבי,נגוהה פרחאת,האשם בדר,ז,8,רגיל,22,1,22,100%,0,0%,0,0%
148056- תיכון בית צפאפא,ירושלים,ממלכתי,העיר ירושלים,ערבי,נגוהה פרחאת,האשם בדר,ז,6,רגיל,25,1,1,4%,0,0%,0,0%
148080- מקיף אבו גוש,אבו גוש,ממלכתי,ירושלים,ערבי,ציפי יעקב,ווגיהה איברהים,ז,3,רגיל,29,1,29,100%,0,0%,0,0%
148080- מקיף אבו גוש,אבו גוש,ממלכתי,ירושלים,ערבי,ציפי יעקב,ווגיהה איברהים,ז,2,רגיל,23,1,23,100%,0,0%,0,0%
148080- מקיף אבו גוש,אבו גוש,ממלכתי,ירושלים,ערבי,ציפי יעקב,ווגיהה איברהים,ז,1,רגיל,20,1,20,100%,0,0%,0,0%
148080- מקיף אבו גוש,אבו גוש,ממלכתי,ירושלים,ערבי,ציפי יעקב,ווגיהה איברהים,ז,5,מיוחד,6,1,6,100%,0,0%,0,0%
148155- תיכון שועפט,ירושלים,ממלכתי,העיר ירושלים,ערבי,ענאן קאסם,נאדר נירוך,ז,2,רגיל,34,1,34,100%,0,0%,0,0%
148155- תיכון שועפט,ירושלים,ממלכתי,העיר ירושלים,ערבי,ענאן קאסם,נאדר נירוך,ז,4,רגיל,34,1,34,100%,0,0%,0,0%
148155- תיכון שועפט,ירושלים,ממלכתי,העיר ירושלים,ערבי,ענאן קאסם,נאדר נירוך,ז,3,רגיל,33,1,33,100%,0,0%,0,0%
148155- תיכון שועפט,ירושלים,ממלכתי,העיר ירושלים,ערבי,ענאן קאסם,נאדר נירוך,ז,1,רגיל,32,1,32,100%,0,0%,0,0%
148155- תיכון שועפט,ירושלים,ממלכתי,העיר ירושלים,ערבי,ענאן קאסם,נאדר נירוך,ז,5,רגיל,27,1,27,100%,0,0%,0,0%
148155- תיכון שועפט,ירושלים,ממלכתי,העיר ירושלים,ערבי,ענאן קאסם,נאדר נירוך,ז,6,רגיל,32,1,31,97%,0,0%,0,0%
148197- מקיף בית חנינה,ירושלים,ממלכתי,העיר ירושלים,ערבי,ענאן קאסם,מגדי עוויסאת,ז,3,רגיל,30,1,30,100%,0,0%,0,0%
148197- מקיף בית חנינה,ירושלים,ממלכתי,העיר ירושלים,ערבי,ענאן קאסם,מגדי עוויסאת,ז,4,רגיל,32,1,31,97%,0,0%,0,0%
148197- מקיף בית חנינה,ירושלים,ממלכתי,העיר ירושלים,ערבי,ענאן קאסם,מגדי עוויסאת,ז,1,רגיל,30,1,1,3%,0,0%,0,0%
148247- מקיף שש שנתי אלטור לבנים,ירושלים,ממלכתי,העיר ירושלים,ערבי,ענאן קאסם,מוחמד דעיס,ז,2,רגיל,26,1,26,100%,0,0%,0,0%
148247- מקיף שש שנתי אלטור לבנים,ירושלים,ממלכתי,העיר ירושלים,ערבי,ענאן קאסם,מוחמד דעיס,ז,1,רגיל,21,1,21,100%,0,0%,0,0%
148247- מקיף שש שנתי אלטור לבנים,ירושלים,ממלכתי,העיר ירושלים,ערבי,ענאן קאסם,מוחמד דעיס,ז,5,רגיל,30,1,29,97%,0,0%,0,0%
148247- מקיף שש שנתי אלטור לבנים,ירושלים,ממלכתי,העיר ירושלים,ערבי,ענאן קאסם,מוחמד דעיס,ז,3,רגיל,28,1,27,96%,0,0%,0,0%
148247- מקיף שש שנתי אלטור לבנים,ירושלים,ממלכתי,העיר ירושלים,ערבי,ענאן קאסם,מוחמד דעיס,ז,4,רגיל,28,1,1,4%,0,0%,0,0%
148254- שועפט בנות ב',ירושלים,ממלכתי,העיר ירושלים,ערבי,ח'לדון האדיה,מיסון חלאק,ז,2,רגיל,34,1,30,88%,0,0%,0,0%
148254- שועפט בנות ב',ירושלים,ממלכתי,העיר ירושלים,ערבי,ח'לדון האדיה,מיסון חלאק,ז,3,רגיל,32,1,1,3%,0,0%,0,0%
148262- אלעלא,ירושלים,ממלכתי,העיר ירושלים,ערבי,ענאן קאסם,סלאם עיד,ז,2,רגיל,27,1,23,85%,0,0%,0,0%
148262- אלעלא,ירושלים,ממלכתי,העיר ירושלים,ערבי,ענאן קאסם,סלאם עיד,ז,1,רגיל,25,1,17,68%,0,0%,0,0%
148288- כפר עקב,ירושלים,ממלכתי,העיר ירושלים,ערבי,ח'לדון האדיה,אוסאמה טוטח,ז,1,רגיל,39,1,30,77%,0,0%,0,0%
148288- כפר עקב,ירושלים,ממלכתי,העיר ירושלים,ערבי,ח'לדון האדיה,אוסאמה טוטח,ז,2,רגיל,41,1,27,66%,0,0%,0,0%
148288- כפר עקב,ירושלים,ממלכתי,העיר ירושלים,ערבי,ח'לדון האדיה,אוסאמה טוטח,ז,3,רגיל,39,1,24,62%,0,0%,0,0%
160242- מקיף קשת,ירושלים,ממלכתי,העיר ירושלים,יהודי,דוד נמרוד-סימרוט,אורית צילה סומר,ז,1,רגיל,32,1,32,100%,0,0%,0,0%
160242- מקיף קשת,ירושלים,ממלכתי,העיר ירושלים,יהודי,דוד נמרוד-סימרוט,אורית צילה סומר,ז,2,רגיל,31,1,31,100%,0,0%,0,0%
160259- ליבי,ירושלים,ממלכתי דתי,העיר ירושלים,יהודי,שרה טוויל,ענבל ישראלי,ז,2,רגיל,25,1,24,96%,0,0%,0,0%
160259- ליבי,ירושלים,ממלכתי דתי,העיר ירושלים,יהודי,שרה טוויל,ענבל ישראלי,ז,1,רגיל,20,1,18,90%,0,0%,0,0%
160416- רעות קהילה דתית,ירושלים,ממלכתי,העיר ירושלים,יהודי,דוד נמרוד-סימרוט,עמיעד יעקב מלצר,ז,4,רגיל,27,1,27,100%,0,0%,0,0%
160416- רעות קהילה דתית,ירושלים,ממלכתי,העיר ירושלים,יהודי,דוד נמרוד-סימרוט,עמיעד יעקב מלצר,ז,1,רגיל,23,1,23,100%,0,0%,0,0%
160416- רעות קהילה דתית,ירושלים,ממלכתי,העיר ירושלים,יהודי,דוד נמרוד-סימרוט,עמיעד יעקב מלצר,ז,3,רגיל,22,1,22,100%,0,0%,0,0%
160416- רעות קהילה דתית,ירושלים,ממלכתי,העיר ירושלים,יהודי,דוד נמרוד-סימרוט,עמיעד יעקב מלצר,ז,5,רגיל,27,1,26,96%,0,0%,0,0%
160416- רעות קהילה דתית,ירושלים,ממלכתי,העיר ירושלים,יהודי,דוד נמרוד-סימרוט,עמיעד יעקב מלצר,ז,2,מיוחד,9,1,3,33%,0,0%,0,0%
160432- ברנקו וייס מקיף בית שמש,בית שמש,ממלכתי,ירושלים,יהודי,ציפי יעקב,שמעון ויס,ז,7,רגיל,32,1,32,100%,0,0%,0,0%
160432- ברנקו וייס מקיף בית שמש,בית שמש,ממלכתי,ירושלים,יהודי,ציפי יעקב,שמעון ויס,ז,4,רגיל,30,1,30,100%,0,0%,0,0%
160432- ברנקו וייס מקיף בית שמש,בית שמש,ממלכתי,ירושלים,יהודי,ציפי יעקב,שמעון ויס,ז,1,רגיל,29,1,29,100%,0,0%,0,0%
160432- ברנקו וייס מקיף בית שמש,בית שמש,ממלכתי,ירושלים,יהודי,ציפי יעקב,שמעון ויס,ז,5,רגיל,30,1,29,97%,0,0%,0,0%
160432- ברנקו וייס מקיף בית שמש,בית שמש,ממלכתי,ירושלים,יהודי,ציפי יעקב,שמעון ויס,ז,6,רגיל,28,1,27,96%,0,0%,0,0%
160473- אלוואדי למצוינות,ירושלים,ממלכתי,העיר ירושלים,ערבי,ענאן קאסם,עבדלרחמן אחסין,ז,2,רגיל,27,1,27,100%,0,0%,0,0%
160473- אלוואדי למצוינות,ירושלים,ממלכתי,העיר ירושלים,ערבי,ענאן קאסם,עבדלרחמן אחסין,ז,3,רגיל,27,1,27,100%,0,0%,0,0%
160473- אלוואדי למצוינות,ירושלים,ממלכתי,העיר ירושלים,ערבי,ענאן קאסם,עבדלרחמן אחסין,ז,1,רגיל,29,1,27,93%,0,0%,0,0%
"160549- אמי""ת איתן",מעלה אדומים,ממלכתי דתי,ירושלים,יהודי,יעקב עמר,שלמה אליהו דהן,ז,4,רגיל,25,1,25,100%,0,0%,0,0%
"160549- אמי""ת איתן",מעלה אדומים,ממלכתי דתי,ירושלים,יהודי,יעקב עמר,שלמה אליהו דהן,ז,1,רגיל,24,1,24,100%,0,0%,0,0%
"160549- אמי""ת איתן",מעלה אדומים,ממלכתי דתי,ירושלים,יהודי,יעקב עמר,שלמה אליהו דהן,ז,3,רגיל,24,1,24,100%,0,0%,0,0%
"160549- אמי""ת איתן",מעלה אדומים,ממלכתי דתי,ירושלים,יהודי,יעקב עמר,שלמה אליהו דהן,ז,2,מיוחד,12,1,12,100%,0,0%,0,0%
160598- ארץ הצבי,ירושלים,ממלכתי דתי,העיר ירושלים,יהודי,שרה טוויל,יוסף איזמן,ז,1,רגיל,24,1,22,92%,0,0%,0,0%
"165852- ישיבת בנ""ע לפיד מודיעין",מודיעין מכבים רעות,ממלכתי דתי,ירושלים,יהודי,תמר אודס,שמואל חיים רוזנבלום,ז,3,רגיל,35,1,35,100%,0,0%,0,0%
"165852- ישיבת בנ""ע לפיד מודיעין",מודיעין מכבים רעות,ממלכתי דתי,ירושלים,יהודי,תמר אודס,שמואל חיים רוזנבלום,ז,1,רגיל,34,1,34,100%,0,0%,0,0%
"165852- ישיבת בנ""ע לפיד מודיעין",מודיעין מכבים רעות,ממלכתי דתי,ירושלים,יהודי,תמר אודס,שמואל חיים רוזנבלום,ז,5,רגיל,31,1,31,100%,0,0%,0,0%
"165852- ישיבת בנ""ע לפיד מודיעין",מודיעין מכבים רעות,ממלכתי דתי,ירושלים,יהודי,תמר אודס,שמואל חיים רוזנבלום,ז,4,רגיל,29,1,29,100%,0,0%,0,0%
"165852- ישיבת בנ""ע לפיד מודיעין",מודיעין מכבים רעות,ממלכתי דתי,ירושלים,יהודי,תמר אודס,שמואל חיים רוזנבלום,ז,7,רגיל,28,1,28,100%,0,0%,0,0%
"165852- ישיבת בנ""ע לפיד מודיעין",מודיעין מכבים רעות,ממלכתי דתי,ירושלים,יהודי,תמר אודס,שמואל חיים רוזנבלום,ז,2,רגיל,31,1,30,97%,0,0%,0,0%
168021- צור באהר בנות,ירושלים,ממלכתי,העיר ירושלים,ערבי,מחמד אזברגה,הנאדי יעיש,ז,2,רגיל,20,1,20,100%,0,0%,0,0%
168021- צור באהר בנות,ירושלים,ממלכתי,העיר ירושלים,ערבי,מחמד אזברגה,הנאדי יעיש,ז,1,רגיל,20,1,19,95%,0,0%,0,0%
168419- אולפנת צביה יצירתית,ירושלים,ממלכתי דתי,העיר ירושלים,יהודי,אריה משה מארק,צפורה כהן,ז,2,רגיל,34,1,33,97%,0,0%,0,0%
168419- אולפנת צביה יצירתית,ירושלים,ממלכתי דתי,העיר ירושלים,יהודי,אריה משה מארק,צפורה כהן,ז,3,מיוחד,10,1,9,90%,0,0%,0,0%
168419- אולפנת צביה יצירתית,ירושלים,ממלכתי דתי,העיר ירושלים,יהודי,אריה משה מארק,צפורה כהן,ז,1,רגיל,27,1,23,85%,0,0%,0,0%
170043- תיכון שחרית,ירושלים,ממלכתי דתי,העיר ירושלים,יהודי,אריה משה מארק,רני חזון וייס,ז,1,רגיל,23,1,23,100%,0,0%,0,0%
170043- תיכון שחרית,ירושלים,ממלכתי דתי,העיר ירושלים,יהודי,אריה משה מארק,רני חזון וייס,ז,3,רגיל,19,1,19,100%,0,0%,0,0%
170043- תיכון שחרית,ירושלים,ממלכתי דתי,העיר ירושלים,יהודי,אריה משה מארק,רני חזון וייס,ז,2,מיוחד,8,1,8,100%,0,0%,0,0%
"170092- קשת ראם ע""ש אליס סליגסברג",ירושלים,ממלכתי,העיר ירושלים,יהודי,דוד נמרוד-סימרוט,גלית חזיזה קמיניץ,ז,1,רגיל,23,1,22,96%,0,0%,0,0%
"170092- קשת ראם ע""ש אליס סליגסברג",ירושלים,ממלכתי,העיר ירושלים,יהודי,דוד נמרוד-סימרוט,גלית חזיזה קמיניץ,ז,2,רגיל,23,1,21,91%,0,0%,0,0%
"170092- קשת ראם ע""ש אליס סליגסברג",ירושלים,ממלכתי,העיר ירושלים,יהודי,דוד נמרוד-סימרוט,גלית חזיזה קמיניץ,ז,4,רגיל,23,1,10,43%,0,0%,0,0%
"170092- קשת ראם ע""ש אליס סליגסברג",ירושלים,ממלכתי,העיר ירושלים,יהודי,דוד נמרוד-סימרוט,גלית חזיזה קמיניץ,ז,3,מיוחד,13,1,1,8%,0,0%,0,0%
170399- חטיב אורט מינקןף,ירושלים,ממלכתי,העיר ירושלים,יהודי,דוד נמרוד-סימרוט,תמר כספי,ז,1,רגיל,33,1,33,100%,13,39%,13,39%
170399- חטיב אורט מינקןף,ירושלים,ממלכתי,העיר ירושלים,יהודי,דוד נמרוד-סימרוט,תמר כספי,ז,2,רגיל,31,1,24,77%,11,35%,11,35%
170399- חטיב אורט מינקןף,ירושלים,ממלכתי,העיר ירושלים,יהודי,דוד נמרוד-סימרוט,תמר כספי,ז,4,רגיל,35,1,24,69%,0,0%,0,0%
170399- חטיב אורט מינקןף,ירושלים,ממלכתי,העיר ירושלים,יהודי,דוד נמרוד-סימרוט,תמר כספי,ז,3,רגיל,36,1,23,64%,0,0%,0,0%
170399- חטיב אורט מינקןף,ירושלים,ממלכתי,העיר ירושלים,יהודי,דוד נמרוד-סימרוט,תמר כספי,ז,6,רגיל,35,1,16,46%,0,0%,0,0%
170514- אורט פלך בנים ספניאן,ירושלים,ממלכתי דתי,העיר ירושלים,יהודי,שרה טוויל,דורון לופז,ז,2,רגיל,27,1,27,100%,0,0%,0,0%
170514- אורט פלך בנים ספניאן,ירושלים,ממלכתי דתי,העיר ירושלים,יהודי,שרה טוויל,דורון לופז,ז,3,רגיל,26,1,26,100%,0,0%,0,0%
170514- אורט פלך בנים ספניאן,ירושלים,ממלכתי דתי,העיר ירושלים,יהודי,שרה טוויל,דורון לופז,ז,1,רגיל,23,1,22,96%,0,0%,0,0%
170803- עמל תעופה וחלל,מעלה אדומים,ממלכתי,ירושלים,יהודי,ציפי יעקב,יהודית אילוק,ז,6,רגיל,37,1,37,100%,0,0%,0,0%
170803- עמל תעופה וחלל,מעלה אדומים,ממלכתי,ירושלים,יהודי,ציפי יעקב,יהודית אילוק,ז,5,רגיל,36,1,36,100%,0,0%,0,0%
170803- עמל תעופה וחלל,מעלה אדומים,ממלכתי,ירושלים,יהודי,ציפי יעקב,יהודית אילוק,ז,1,רגיל,33,1,33,100%,0,0%,0,0%
170803- עמל תעופה וחלל,מעלה אדומים,ממלכתי,ירושלים,יהודי,ציפי יעקב,יהודית אילוק,ז,2,רגיל,30,1,30,100%,0,0%,0,0%
170803- עמל תעופה וחלל,מעלה אדומים,ממלכתי,ירושלים,יהודי,ציפי יעקב,יהודית אילוק,ז,3,רגיל,27,1,27,100%,0,0%,0,0%
170803- עמל תעופה וחלל,מעלה אדומים,ממלכתי,ירושלים,יהודי,ציפי יעקב,יהודית אילוק,ז,4,מיוחד,11,1,11,100%,0,0%,0,0%
170803- עמל תעופה וחלל,מעלה אדומים,ממלכתי,ירושלים,יהודי,ציפי יעקב,יהודית אילוק,ז,7,מיוחד,11,1,11,100%,0,0%,0,0%
178178- סאחורה מכין בנות,ירושלים,ממלכתי,העיר ירושלים,ערבי,רנה ח'לף,אמאל אשקיראת,ז,3,רגיל,32,1,32,100%,0,0%,0,0%
178178- סאחורה מכין בנות,ירושלים,ממלכתי,העיר ירושלים,ערבי,רנה ח'לף,אמאל אשקיראת,ז,4,רגיל,30,1,30,100%,0,0%,0,0%
178178- סאחורה מכין בנות,ירושלים,ממלכתי,העיר ירושלים,ערבי,רנה ח'לף,אמאל אשקיראת,ז,6,רגיל,30,1,30,100%,0,0%,0,0%
178178- סאחורה מכין בנות,ירושלים,ממלכתי,העיר ירושלים,ערבי,רנה ח'לף,אמאל אשקיראת,ז,1,רגיל,26,1,26,100%,0,0%,0,0%
178178- סאחורה מכין בנות,ירושלים,ממלכתי,העיר ירושלים,ערבי,רנה ח'לף,אמאל אשקיראת,ז,2,רגיל,28,1,26,93%,0,0%,0,0%
178178- סאחורה מכין בנות,ירושלים,ממלכתי,העיר ירושלים,ערבי,רנה ח'לף,אמאל אשקיראת,ז,5,רגיל,24,1,18,75%,0,0%,0,0%
179754- כפר עקב חדש,ירושלים,ממלכתי,העיר ירושלים,ערבי,ח'לדון האדיה,אמאני פלאח,ז,1,רגיל,31,1,31,100%,0,0%,0,0%
179754- כפר עקב חדש,ירושלים,ממלכתי,העיר ירושלים,ערבי,ח'לדון האדיה,אמאני פלאח,ז,3,רגיל,28,1,28,100%,0,0%,0,0%
179754- כפר עקב חדש,ירושלים,ממלכתי,העיר ירושלים,ערבי,ח'לדון האדיה,אמאני פלאח,ז,2,רגיל,26,1,26,100%,0,0%,0,0%
186395- ראשית,גוש עציון,ממלכתי דתי,ירושלים,יהודי,יעקב מאיר קושלבסקי,שרה אבישי,ז,1,רגיל,28,1,22,79%,0,0%,0,0%
186395- ראשית,גוש עציון,ממלכתי דתי,ירושלים,יהודי,יעקב מאיר קושלבסקי,שרה אבישי,ז,2,רגיל,23,1,1,4%,0,0%,0,0%
186908- אולפנא בני עקיבא נריה,מטה בנימין,ממלכתי דתי,ירושלים,יהודי,תמר אודס,יניב כהן,ז,4,רגיל,27,1,27,100%,0,0%,0,0%
186908- אולפנא בני עקיבא נריה,מטה בנימין,ממלכתי דתי,ירושלים,יהודי,תמר אודס,יניב כהן,ז,3,רגיל,24,1,24,100%,0,0%,0,0%
186908- אולפנא בני עקיבא נריה,מטה בנימין,ממלכתי דתי,ירושלים,יהודי,תמר אודס,יניב כהן,ז,5,רגיל,23,1,23,100%,0,0%,0,0%
186908- אולפנא בני עקיבא נריה,מטה בנימין,ממלכתי דתי,ירושלים,יהודי,תמר אודס,יניב כהן,ז,1,רגיל,25,1,24,96%,0,0%,0,0%
186908- אולפנא בני עקיבא נריה,מטה בנימין,ממלכתי דתי,ירושלים,יהודי,תמר אודס,יניב כהן,ז,2,מיוחד,8,1,7,88%,0,0%,0,0%
186908- אולפנא בני עקיבא נריה,מטה בנימין,ממלכתי דתי,ירושלים,יהודי,תמר אודס,יניב כהן,ז,6,מיוחד,4,1,1,25%,0,0%,0,0%
"188086- דמוקרטי ע""ש נדב",מודיעין מכבים רעות,ממלכתי,ירושלים,יהודי,טל כהן,מירב ניר הוד,ז,1,רגיל,34,1,22,65%,0,0%,0,0%
"192997- חט""ב עיסוויה בנים",ירושלים,ממלכתי,העיר ירושלים,ערבי,ענאן קאסם,חדר עביד,ז,3,רגיל,33,1,33,100%,0,0%,0,0%
"192997- חט""ב עיסוויה בנים",ירושלים,ממלכתי,העיר ירושלים,ערבי,ענאן קאסם,חדר עביד,ז,5,רגיל,33,1,33,100%,0,0%,0,0%
"192997- חט""ב עיסוויה בנים",ירושלים,ממלכתי,העיר ירושלים,ערבי,ענאן קאסם,חדר עביד,ז,2,רגיל,32,1,32,100%,0,0%,0,0%
"192997- חט""ב עיסוויה בנים",ירושלים,ממלכתי,העיר ירושלים,ערבי,ענאן קאסם,חדר עביד,ז,1,רגיל,31,1,31,100%,0,0%,0,0%
"192997- חט""ב עיסוויה בנים",ירושלים,ממלכתי,העיר ירושלים,ערבי,ענאן קאסם,חדר עביד,ז,4,רגיל,24,1,24,100%,0,0%,0,0%
193003- מקיף עיסוואיה לבנות,ירושלים,ממלכתי,העיר ירושלים,ערבי,ענאן קאסם,פאטמה עבידאת,ז,2,רגיל,29,1,29,100%,0,0%,0,0%
193003- מקיף עיסוואיה לבנות,ירושלים,ממלכתי,העיר ירושלים,ערבי,ענאן קאסם,פאטמה עבידאת,ז,1,רגיל,28,1,28,100%,0,0%,0,0%
193003- מקיף עיסוואיה לבנות,ירושלים,ממלכתי,העיר ירושלים,ערבי,ענאן קאסם,פאטמה עבידאת,ז,3,רגיל,23,1,23,100%,0,0%,0,0%
193003- מקיף עיסוואיה לבנות,ירושלים,ממלכתי,העיר ירושלים,ערבי,ענאן קאסם,פאטמה עבידאת,ז,5,רגיל,26,1,25,96%,0,0%,0,0%
193003- מקיף עיסוואיה לבנות,ירושלים,ממלכתי,העיר ירושלים,ערבי,ענאן קאסם,פאטמה עבידאת,ז,4,רגיל,27,1,2,7%,0,0%,0,0%
193185- אולפנת שעלי תורה,בית שמש,ממלכתי דתי,ירושלים,יהודי,תמר אודס,אלעד בן אליהו,ז,1,רגיל,29,1,31,107%,16,55%,16,55%
193185- אולפנת שעלי תורה,בית שמש,ממלכתי דתי,ירושלים,יהודי,תמר אודס,אלעד בן אליהו,ז,3,רגיל,34,1,27,79%,14,41%,14,41%
193185- אולפנת שעלי תורה,בית שמש,ממלכתי דתי,ירושלים,יהודי,תמר אודס,אלעד בן אליהו,ז,2,מיוחד,11,1,11,100%,0,0%,0,0%
193185- אולפנת שעלי תורה,בית שמש,ממלכתי דתי,ירושלים,יהודי,תמר אודס,אלעד בן אליהו,ז,4,מיוחד,10,1,10,100%,0,0%,0,0%
"198085- חט""ב ראס אל-עמוד",ירושלים,ממלכתי,העיר ירושלים,ערבי,רנה ח'לף,סאלח סאלח,ז,5,רגיל,20,1,20,100%,0,0%,0,0%
"198085- חט""ב ראס אל-עמוד",ירושלים,ממלכתי,העיר ירושלים,ערבי,רנה ח'לף,סאלח סאלח,ז,1,רגיל,26,1,3,12%,0,0%,0,0%
198192- תיכון צור באהר,ירושלים,ממלכתי,העיר ירושלים,ערבי,רנה ח'לף,היתאם סלאמה,ז,1,רגיל,26,1,26,100%,0,0%,0,0%
198192- תיכון צור באהר,ירושלים,ממלכתי,העיר ירושלים,ערבי,רנה ח'לף,היתאם סלאמה,ז,3,רגיל,24,1,24,100%,0,0%,0,0%
198192- תיכון צור באהר,ירושלים,ממלכתי,העיר ירושלים,ערבי,רנה ח'לף,היתאם סלאמה,ז,4,רגיל,31,1,29,94%,0,0%,0,0%
198192- תיכון צור באהר,ירושלים,ממלכתי,העיר ירושלים,ערבי,רנה ח'לף,היתאם סלאמה,ז,2,רגיל,24,1,22,92%,0,0%,0,0%
237354- תיכון יחד,מודיעין מכבים רעות,ממלכתי,ירושלים,יהודי,ציפי יעקב,שגיב אלבז,ז,2,רגיל,35,1,35,100%,0,0%,0,0%
237354- תיכון יחד,מודיעין מכבים רעות,ממלכתי,ירושלים,יהודי,ציפי יעקב,שגיב אלבז,ז,1,רגיל,34,1,34,100%,0,0%,0,0%
237354- תיכון יחד,מודיעין מכבים רעות,ממלכתי,ירושלים,יהודי,ציפי יעקב,שגיב אלבז,ז,4,רגיל,34,1,34,100%,0,0%,0,0%
237354- תיכון יחד,מודיעין מכבים רעות,ממלכתי,ירושלים,יהודי,ציפי יעקב,שגיב אלבז,ז,3,רגיל,33,1,33,100%,0,0%,0,0%
238121- אולפנת נוגה,מטה יהודה,ממלכתי דתי,ירושלים,יהודי,תמר אודס,מרים לאה קורן,ז,1,רגיל,31,1,31,100%,0,0%,0,0%
238121- אולפנת נוגה,מטה יהודה,ממלכתי דתי,ירושלים,יהודי,תמר אודס,מרים לאה קורן,ז,4,רגיל,27,1,27,100%,0,0%,0,0%
238121- אולפנת נוגה,מטה יהודה,ממלכתי דתי,ירושלים,יהודי,תמר אודס,מרים לאה קורן,ז,2,רגיל,30,1,29,97%,0,0%,0,0%
238121- אולפנת נוגה,מטה יהודה,ממלכתי דתי,ירושלים,יהודי,תמר אודס,מרים לאה קורן,ז,3,רגיל,30,1,27,90%,0,0%,0,0%
239871- סמהר לבנות,ירושלים,ממלכתי,העיר ירושלים,ערבי,ענאן קאסם,אמאל טחאן,ז,2,רגיל,39,1,32,82%,0,0%,0,0%
239871- סמהר לבנות,ירושלים,ממלכתי,העיר ירושלים,ערבי,ענאן קאסם,אמאל טחאן,ז,3,רגיל,29,1,18,62%,0,0%,0,0%
239871- סמהר לבנות,ירושלים,ממלכתי,העיר ירושלים,ערבי,ענאן קאסם,אמאל טחאן,ז,1,רגיל,38,1,1,3%,0,0%,0,0%
246041- אהבת ישראל,ירושלים,ממלכתי דתי,העיר ירושלים,יהודי,שירה יזדי,סיון דוד,ז,1,רגיל,27,1,24,89%,0,0%,0,0%
338418- עתיד דביר בנים,בית שמש,ממלכתי דתי,ירושלים,יהודי,תמר אודס,אברהם שושן,ז,1,רגיל,31,1,31,100%,0,0%,0,0%
338418- עתיד דביר בנים,בית שמש,ממלכתי דתי,ירושלים,יהודי,תמר אודס,אברהם שושן,ז,2,רגיל,31,1,31,100%,0,0%,0,0%
338418- עתיד דביר בנים,בית שמש,ממלכתי דתי,ירושלים,יהודי,תמר אודס,אברהם שושן,ז,3,מיוחד,12,1,12,100%,0,0%,0,0%
338418- עתיד דביר בנים,בית שמש,ממלכתי דתי,ירושלים,יהודי,תמר אודס,אברהם שושן,ז,4,מיוחד,5,1,5,100%,0,0%,0,0%
"338509- חט""ב לבונה",בית אריה,ממלכתי,ירושלים,יהודי,ציפי יעקב,חן בן שמעון,ז,3,רגיל,23,1,23,100%,0,0%,0,0%
"338509- חט""ב לבונה",בית אריה,ממלכתי,ירושלים,יהודי,ציפי יעקב,חן בן שמעון,ז,1,רגיל,22,1,22,100%,0,0%,0,0%
"338509- חט""ב לבונה",בית אריה,ממלכתי,ירושלים,יהודי,ציפי יעקב,חן בן שמעון,ז,2,רגיל,22,1,22,100%,0,0%,0,0%
"338509- חט""ב לבונה",בית אריה,ממלכתי,ירושלים,יהודי,ציפי יעקב,חן בן שמעון,ז,4,מיוחד,9,1,5,56%,0,0%,0,0%
"338616- שש שנתי אמי""ת בנות",מעלה אדומים,ממלכתי דתי,ירושלים,יהודי,יעקב עמר,רונית תשובה,ז,1,רגיל,20,1,20,100%,0,0%,0,0%
"338616- שש שנתי אמי""ת בנות",מעלה אדומים,ממלכתי דתי,ירושלים,יהודי,יעקב עמר,רונית תשובה,ז,2,רגיל,20,1,20,100%,0,0%,0,0%
"338616- שש שנתי אמי""ת בנות",מעלה אדומים,ממלכתי דתי,ירושלים,יהודי,יעקב עמר,רונית תשובה,ז,4,רגיל,26,1,25,96%,0,0%,0,0%
"338616- שש שנתי אמי""ת בנות",מעלה אדומים,ממלכתי דתי,ירושלים,יהודי,יעקב עמר,רונית תשובה,ז,3,מיוחד,10,1,1,10%,0,0%,0,0%
344911- אורט עירוני ד,מודיעין מכבים רעות,ממלכתי,ירושלים,יהודי,ציפי יעקב,צופית חדד,ז,6,רגיל,37,1,37,100%,0,0%,0,0%
344911- אורט עירוני ד,מודיעין מכבים רעות,ממלכתי,ירושלים,יהודי,ציפי יעקב,צופית חדד,ז,4,רגיל,36,1,36,100%,0,0%,0,0%
344911- אורט עירוני ד,מודיעין מכבים רעות,ממלכתי,ירושלים,יהודי,ציפי יעקב,צופית חדד,ז,5,רגיל,35,1,35,100%,0,0%,0,0%
344911- אורט עירוני ד,מודיעין מכבים רעות,ממלכתי,ירושלים,יהודי,ציפי יעקב,צופית חדד,ז,3,רגיל,30,1,30,100%,0,0%,0,0%
344911- אורט עירוני ד,מודיעין מכבים רעות,ממלכתי,ירושלים,יהודי,ציפי יעקב,צופית חדד,ז,7,רגיל,29,1,29,100%,0,0%,0,0%
344911- אורט עירוני ד,מודיעין מכבים רעות,ממלכתי,ירושלים,יהודי,ציפי יעקב,צופית חדד,ז,1,רגיל,28,1,28,100%,0,0%,0,0%
344911- אורט עירוני ד,מודיעין מכבים רעות,ממלכתי,ירושלים,יהודי,ציפי יעקב,צופית חדד,ז,2,מיוחד,9,1,7,78%,0,0%,0,0%
346494- תיכון יד ביד,ירושלים,ממלכתי,העיר ירושלים,יהודי,דוד נמרוד-סימרוט,דניאל עמוס דה שליט,ז,1,רגיל,24,1,23,96%,0,0%,0,0%
346494- תיכון יד ביד,ירושלים,ממלכתי,העיר ירושלים,יהודי,דוד נמרוד-סימרוט,דניאל עמוס דה שליט,ז,2,רגיל,28,1,22,79%,0,0%,0,0%
347757- סאדברי ירושלים,ירושלים,ממלכתי,העיר ירושלים,יהודי,אסנת עוזיאל,שחר יצחק גרוסמן,ז,1,רגיל,12,1,1,8%,0,0%,0,0%
353458- יסודי שועפט,ירושלים,ממלכתי,העיר ירושלים,ערבי,ענאן קאסם,מופיד אבו גוש,ז,2,רגיל,16,1,14,88%,0,0%,0,0%
353458- יסודי שועפט,ירושלים,ממלכתי,העיר ירושלים,ערבי,ענאן קאסם,מופיד אבו גוש,ז,1,רגיל,29,1,1,3%,0,0%,0,0%
353599- אהבת ישראל,בית שמש,ממלכתי דתי,ירושלים,יהודי,תמר אודס,עמיחי רוזנפלד,ז,2,רגיל,28,1,24,86%,0,0%,0,0%
353599- אהבת ישראל,בית שמש,ממלכתי דתי,ירושלים,יהודי,תמר אודס,עמיחי רוזנפלד,ז,1,רגיל,23,1,19,83%,0,0%,0,0%
362046- רנסנס,ירושלים,ממלכתי,העיר ירושלים,ערבי,ענאן קאסם,אסמת גחלב,ז,2,רגיל,20,1,20,100%,0,0%,0,0%
362046- רנסנס,ירושלים,ממלכתי,העיר ירושלים,ערבי,ענאן קאסם,אסמת גחלב,ז,1,רגיל,29,1,27,93%,0,0%,0,0%
417832- חן נריה,גוש עציון,ממלכתי דתי,ירושלים,יהודי,יעקב מאיר קושלבסקי,רוחמה ווגל,ז,2,רגיל,32,1,32,100%,0,0%,0,0%
417832- חן נריה,גוש עציון,ממלכתי דתי,ירושלים,יהודי,יעקב מאיר קושלבסקי,רוחמה ווגל,ז,1,רגיל,30,1,30,100%,0,0%,0,0%
420018- על יסודי צור הדסה,צור הדסה,ממלכתי,ירושלים,יהודי,ציפי יעקב,דביר קפלן,ז,4,רגיל,31,1,31,100%,0,0%,0,0%
420018- על יסודי צור הדסה,צור הדסה,ממלכתי,ירושלים,יהודי,ציפי יעקב,דביר קפלן,ז,1,רגיל,30,1,30,100%,0,0%,0,0%
420018- על יסודי צור הדסה,צור הדסה,ממלכתי,ירושלים,יהודי,ציפי יעקב,דביר קפלן,ז,7,מיוחד,7,1,7,100%,0,0%,0,0%
420018- על יסודי צור הדסה,צור הדסה,ממלכתי,ירושלים,יהודי,ציפי יעקב,דביר קפלן,ז,5,רגיל,32,1,31,97%,0,0%,0,0%
420018- על יסודי צור הדסה,צור הדסה,ממלכתי,ירושלים,יהודי,ציפי יעקב,דביר קפלן,ז,2,רגיל,27,1,25,93%,0,0%,0,0%
420018- על יסודי צור הדסה,צור הדסה,ממלכתי,ירושלים,יהודי,ציפי יעקב,דביר קפלן,ז,3,מיוחד,8,1,1,13%,0,0%,0,0%
"440784- ראס אלעמוד ע""ס לבנות",ירושלים,ממלכתי,העיר ירושלים,ערבי,רנה ח'לף,אריג' ארנאוט,ז,5,רגיל,24,1,24,100%,0,0%,0,0%
"442780- אמי""ת בנות מודיעין",מודיעין מכבים רעות,ממלכתי דתי,ירושלים,יהודי,תמר אודס,ליאת כהן וגשל,ז,1,רגיל,30,1,30,100%,24,80%,24,80%
"442780- אמי""ת בנות מודיעין",מודיעין מכבים רעות,ממלכתי דתי,ירושלים,יהודי,תמר אודס,ליאת כהן וגשל,ז,4,רגיל,29,1,29,100%,21,72%,21,72%
"442780- אמי""ת בנות מודיעין",מודיעין מכבים רעות,ממלכתי דתי,ירושלים,יהודי,תמר אודס,ליאת כהן וגשל,ז,3,רגיל,31,1,32,103%,22,71%,22,71%
"442780- אמי""ת בנות מודיעין",מודיעין מכבים רעות,ממלכתי דתי,ירושלים,יהודי,תמר אודס,ליאת כהן וגשל,ז,2,רגיל,29,1,28,97%,15,52%,15,52%
"442780- אמי""ת בנות מודיעין",מודיעין מכבים רעות,ממלכתי דתי,ירושלים,יהודי,תמר אודס,ליאת כהן וגשל,ז,6,מיוחד,5,1,1,20%,0,0%,0,0%
"442780- אמי""ת בנות מודיעין",מודיעין מכבים רעות,ממלכתי דתי,ירושלים,יהודי,תמר אודס,ליאת כהן וגשל,ז,5,מיוחד,10,1,1,10%,0,0%,0,0%
442822- ברנקו וייס עין נקובה,מטה יהודה,ממלכתי,ירושלים,ערבי,ציפי יעקב,איהאב אלזיאדנה,ז,3,רגיל,25,1,24,96%,22,88%,22,88%
442822- ברנקו וייס עין נקובה,מטה יהודה,ממלכתי,ירושלים,ערבי,ציפי יעקב,איהאב אלזיאדנה,ז,2,רגיל,27,1,27,100%,22,81%,22,81%
442822- ברנקו וייס עין נקובה,מטה יהודה,ממלכתי,ירושלים,ערבי,ציפי יעקב,איהאב אלזיאדנה,ז,1,רגיל,27,1,27,100%,0,0%,0,0%
442822- ברנקו וייס עין נקובה,מטה יהודה,ממלכתי,ירושלים,ערבי,ציפי יעקב,איהאב אלזיאדנה,ז,4,מיוחד,6,1,2,33%,0,0%,0,0%
442855- הרטמן בנות,ירושלים,ממלכתי דתי,העיר ירושלים,יהודי,שרה טוויל,מיכל הרטמן,ז,1,רגיל,30,1,30,100%,0,0%,0,0%
442855- הרטמן בנות,ירושלים,ממלכתי דתי,העיר ירושלים,יהודי,שרה טוויל,מיכל הרטמן,ז,3,רגיל,30,1,30,100%,0,0%,0,0%
442855- הרטמן בנות,ירושלים,ממלכתי דתי,העיר ירושלים,יהודי,שרה טוויל,מיכל הרטמן,ז,2,רגיל,29,1,29,100%,0,0%,0,0%
"450270- אמי""ת בנים מודיעין",מודיעין מכבים רעות,ממלכתי דתי,ירושלים,יהודי,תמר אודס,ליאור שמעון צ'קוטאי,ז,1,רגיל,37,1,37,100%,0,0%,0,0%
"450270- אמי""ת בנים מודיעין",מודיעין מכבים רעות,ממלכתי דתי,ירושלים,יהודי,תמר אודס,ליאור שמעון צ'קוטאי,ז,4,רגיל,32,1,32,100%,0,0%,0,0%
"450270- אמי""ת בנים מודיעין",מודיעין מכבים רעות,ממלכתי דתי,ירושלים,יהודי,תמר אודס,ליאור שמעון צ'קוטאי,ז,2,רגיל,35,1,33,94%,0,0%,0,0%
"450270- אמי""ת בנים מודיעין",מודיעין מכבים רעות,ממלכתי דתי,ירושלים,יהודי,תמר אודס,ליאור שמעון צ'קוטאי,ז,3,מיוחד,14,1,1,7%,0,0%,0,0%
460667- אולפנת אהבת ישראל,בית שמש,ממלכתי דתי,ירושלים,יהודי,תמר אודס,ורדית כהנא,ז,1,רגיל,33,1,33,100%,0,0%,0,0%
460667- אולפנת אהבת ישראל,בית שמש,ממלכתי דתי,ירושלים,יהודי,תמר אודס,ורדית כהנא,ז,2,רגיל,32,1,32,100%,0,0%,0,0%
477901- מקיף בית חנינה לבנות,ירושלים,ממלכתי,העיר ירושלים,ערבי,ענאן קאסם,ליאנא האשם,ז,1,רגיל,31,1,31,100%,29,94%,29,94%
477901- מקיף בית חנינה לבנות,ירושלים,ממלכתי,העיר ירושלים,ערבי,ענאן קאסם,ליאנא האשם,ז,3,רגיל,35,1,33,94%,0,0%,0,0%
477901- מקיף בית חנינה לבנות,ירושלים,ממלכתי,העיר ירושלים,ערבי,ענאן קאסם,ליאנא האשם,ז,6,מיוחד,9,1,1,11%,0,0%,0,0%
477901- מקיף בית חנינה לבנות,ירושלים,ממלכתי,העיר ירושלים,ערבי,ענאן קאסם,ליאנא האשם,ז,4,רגיל,26,1,1,4%,0,0%,0,0%
511550- אום טובה לבנות,ירושלים,ממלכתי,העיר ירושלים,ערבי,מחמד אזברגה,מחמד אבו טיר,ז,1,רגיל,34,1,34,100%,0,0%,0,0%
511550- אום טובה לבנות,ירושלים,ממלכתי,העיר ירושלים,ערבי,מחמד אזברגה,מחמד אבו טיר,ז,2,רגיל,32,1,32,100%,0,0%,0,0%
511550- אום טובה לבנות,ירושלים,ממלכתי,העיר ירושלים,ערבי,מחמד אזברגה,מחמד אבו טיר,ז,3,רגיל,31,1,30,97%,0,0%,0,0%
511618- נווה הראל,גוש עציון,ממלכתי דתי,ירושלים,יהודי,יעקב מאיר קושלבסקי,צפורה זקש,ז,42,רגיל,24,1,23,96%,15,63%,15,63%
511618- נווה הראל,גוש עציון,ממלכתי דתי,ירושלים,יהודי,יעקב מאיר קושלבסקי,צפורה זקש,ז,41,רגיל,21,1,21,100%,10,48%,10,48%
512459- הניסויי כפר אדומים,מטה בנימין,ממלכתי דתי,ירושלים,יהודי,יוסף יעקב שינובר,נועם שכטר,ז,4,רגיל,24,1,14,58%,0,0%,0,0%
512459- הניסויי כפר אדומים,מטה בנימין,ממלכתי דתי,ירושלים,יהודי,יוסף יעקב שינובר,נועם שכטר,ז,2,רגיל,24,1,10,42%,0,0%,0,0%
512459- הניסויי כפר אדומים,מטה בנימין,ממלכתי דתי,ירושלים,יהודי,יוסף יעקב שינובר,נועם שכטר,ז,1,רגיל,22,1,9,41%,0,0%,0,0%
512459- הניסויי כפר אדומים,מטה בנימין,ממלכתי דתי,ירושלים,יהודי,יוסף יעקב שינובר,נועם שכטר,ז,3,רגיל,25,1,8,32%,0,0%,0,0%
512509- קדם,גוש עציון,ממלכתי דתי,ירושלים,יהודי,יעקב מאיר קושלבסקי,אהרון פרידלנדר,ז,1,רגיל,32,1,24,75%,0,0%,0,0%
512509- קדם,גוש עציון,ממלכתי דתי,ירושלים,יהודי,יעקב מאיר קושלבסקי,אהרון פרידלנדר,ז,2,רגיל,10,1,1,10%,0,0%,0,0%
"540500- ע""ש יצחק נבון מודיעין",מודיעין מכבים רעות,ממלכתי,ירושלים,יהודי,ציפי יעקב,ענבל לוי,ז,1,רגיל,37,1,37,100%,0,0%,0,0%
"540500- ע""ש יצחק נבון מודיעין",מודיעין מכבים רעות,ממלכתי,ירושלים,יהודי,ציפי יעקב,ענבל לוי,ז,6,רגיל,36,1,36,100%,0,0%,0,0%
"540500- ע""ש יצחק נבון מודיעין",מודיעין מכבים רעות,ממלכתי,ירושלים,יהודי,ציפי יעקב,ענבל לוי,ז,2,רגיל,34,1,34,100%,0,0%,0,0%
"540500- ע""ש יצחק נבון מודיעין",מודיעין מכבים רעות,ממלכתי,ירושלים,יהודי,ציפי יעקב,ענבל לוי,ז,5,רגיל,33,1,32,97%,0,0%,0,0%
"540500- ע""ש יצחק נבון מודיעין",מודיעין מכבים רעות,ממלכתי,ירושלים,יהודי,ציפי יעקב,ענבל לוי,ז,4,רגיל,32,1,30,94%,0,0%,0,0%
"540500- ע""ש יצחק נבון מודיעין",מודיעין מכבים רעות,ממלכתי,ירושלים,יהודי,ציפי יעקב,ענבל לוי,ז,3,מיוחד,11,1,2,18%,0,0%,0,0%
611871- מבוא חורון בנות,מטה בנימין,ממלכתי דתי,ירושלים,יהודי,יוסף יעקב שינובר,אורה קראוז,ז,2,רגיל,20,1,19,95%,0,0%,0,0%
611871- מבוא חורון בנות,מטה בנימין,ממלכתי דתי,ירושלים,יהודי,יוסף יעקב שינובר,אורה קראוז,ז,1,רגיל,20,1,16,80%,0,0%,0,0%
615948- ישיבת מקור חיים,ירושלים,ממלכתי דתי,העיר ירושלים,יהודי,שרה טוויל,יהונתן גוטמן,ז,1,רגיל,34,1,2,6%,0,0%,0,0%
615948- ישיבת מקור חיים,ירושלים,ממלכתי דתי,העיר ירושלים,יהודי,שרה טוויל,יהונתן גוטמן,ז,3,רגיל,32,1,1,3%,0,0%,0,0%
615948- ישיבת מקור חיים,ירושלים,ממלכתי דתי,העיר ירושלים,יהודי,שרה טוויל,יהונתן גוטמן,ז,2,רגיל,34,1,1,3%,0,0%,0,0%
"615955- אח""י תקוע 2",גוש עציון,ממלכתי דתי,ירושלים,יהודי,יעקב מאיר קושלבסקי,יהונתן אהוביה רוזנק,ז,2,רגיל,28,1,28,100%,28,100%,28,100%
"615955- אח""י תקוע 2",גוש עציון,ממלכתי דתי,ירושלים,יהודי,יעקב מאיר קושלבסקי,יהונתן אהוביה רוזנק,ז,1,רגיל,25,1,24,96%,23,92%,23,92%
"615955- אח""י תקוע 2",גוש עציון,ממלכתי דתי,ירושלים,יהודי,יעקב מאיר קושלבסקי,יהונתן אהוביה רוזנק,ז,4,רגיל,25,1,24,96%,19,76%,19,76%
"615955- אח""י תקוע 2",גוש עציון,ממלכתי דתי,ירושלים,יהודי,יעקב מאיר קושלבסקי,יהונתן אהוביה רוזנק,ז,3,רגיל,25,1,24,96%,16,64%,16,64%
"615971- חב""ד בנות",בית שמש,ממלכתי דתי,ירושלים,יהודי,מרים ויצמן,חנה אריה,ז,1,רגיל,26,1,26,100%,0,0%,0,0%
"615971- חב""ד בנות",בית שמש,ממלכתי דתי,ירושלים,יהודי,מרים ויצמן,חנה אריה,ז,2,מיוחד,6,1,2,33%,0,0%,0,0%
616151- נווה השחר,גוש עציון,ממלכתי דתי,ירושלים,יהודי,יעקב מאיר קושלבסקי,טליה נחמה שקד,ז,52,רגיל,33,1,31,94%,0,0%,0,0%
616151- נווה השחר,גוש עציון,ממלכתי דתי,ירושלים,יהודי,יעקב מאיר קושלבסקי,טליה נחמה שקד,ז,51,רגיל,31,1,29,94%,0,0%,0,0%
616508- אלסופרא,ירושלים,ממלכתי,העיר ירושלים,ערבי,ח'לדון האדיה,רובא חשים אבו דייה,ז,2,רגיל,30,1,30,100%,0,0%,0,0%
616508- אלסופרא,ירושלים,ממלכתי,העיר ירושלים,ערבי,ח'לדון האדיה,רובא חשים אבו דייה,ז,3,רגיל,28,1,27,96%,0,0%,0,0%
616508- אלסופרא,ירושלים,ממלכתי,העיר ירושלים,ערבי,ח'לדון האדיה,רובא חשים אבו דייה,ז,1,רגיל,28,1,26,93%,0,0%,0,0%
616961- ארתיקאא לשפות,ירושלים,ממלכתי,העיר ירושלים,ערבי,ח'לדון האדיה,מלכה טרביה עזאם,ז,2,רגיל,16,1,15,94%,0,0%,0,0%
616961- ארתיקאא לשפות,ירושלים,ממלכתי,העיר ירושלים,ערבי,ח'לדון האדיה,מלכה טרביה עזאם,ז,1,רגיל,20,1,14,70%,0,0%,0,0%
617019- אשבאל אלקודס,ירושלים,ממלכתי,העיר ירושלים,ערבי,נור ח'טיב,מחמד הרבוק,ז,1,רגיל,26,1,23,88%,0,0%,0,0%
617019- אשבאל אלקודס,ירושלים,ממלכתי,העיר ירושלים,ערבי,נור ח'טיב,מחמד הרבוק,ז,2,רגיל,23,1,20,87%,0,0%,0,0%
634840- חיואר,ירושלים,ממלכתי,העיר ירושלים,ערבי,ענאן קאסם,מנאל דראושה,ז,2,רגיל,24,1,24,100%,0,0%,0,0%
634840- חיואר,ירושלים,ממלכתי,העיר ירושלים,ערבי,ענאן קאסם,מנאל דראושה,ז,1,רגיל,25,1,22,88%,0,0%,0,0%
634857- אלפא,ירושלים,ממלכתי,העיר ירושלים,ערבי,נור ח'טיב,אקרם אבראהים,ז,2,רגיל,24,1,24,100%,0,0%,0,0%
634857- אלפא,ירושלים,ממלכתי,העיר ירושלים,ערבי,נור ח'טיב,אקרם אבראהים,ז,1,רגיל,23,1,23,100%,0,0%,0,0%
641407- אלמתנבי,ירושלים,ממלכתי,העיר ירושלים,ערבי,ענאן קאסם,עאסם חסונה,ז,4,רגיל,23,1,23,100%,0,0%,0,0%
641407- אלמתנבי,ירושלים,ממלכתי,העיר ירושלים,ערבי,ענאן קאסם,עאסם חסונה,ז,1,רגיל,28,1,1,4%,0,0%,0,0%
641407- אלמתנבי,ירושלים,ממלכתי,העיר ירושלים,ערבי,ענאן קאסם,עאסם חסונה,ז,3,רגיל,28,1,1,4%,0,0%,0,0%
641415- רוואד אלקודס,ירושלים,ממלכתי,העיר ירושלים,ערבי,ענאן קאסם,נארימן אלתאג'י,ז,4,רגיל,30,1,30,100%,0,0%,0,0%
641415- רוואד אלקודס,ירושלים,ממלכתי,העיר ירושלים,ערבי,ענאן קאסם,נארימן אלתאג'י,ז,1,רגיל,29,1,29,100%,0,0%,0,0%
641415- רוואד אלקודס,ירושלים,ממלכתי,העיר ירושלים,ערבי,ענאן קאסם,נארימן אלתאג'י,ז,2,רגיל,29,1,29,100%,0,0%,0,0%
641415- רוואד אלקודס,ירושלים,ממלכתי,העיר ירושלים,ערבי,ענאן קאסם,נארימן אלתאג'י,ז,3,רגיל,25,1,25,100%,0,0%,0,0%
641464- אבדאע לאומניות.,ירושלים,ממלכתי,העיר ירושלים,ערבי,נגוהה פרחאת,מלחם בדר,ז,1,רגיל,28,1,28,100%,0,0%,0,0%
641464- אבדאע לאומניות.,ירושלים,ממלכתי,העיר ירושלים,ערבי,נגוהה פרחאת,מלחם בדר,ז,2,רגיל,25,1,25,100%,0,0%,0,0%
641464- אבדאע לאומניות.,ירושלים,ממלכתי,העיר ירושלים,ערבי,נגוהה פרחאת,מלחם בדר,ז,3,רגיל,15,1,15,100%,0,0%,0,0%
"641480- אולפנת בנ""ע שילה",מטה בנימין,ממלכתי דתי,ירושלים,יהודי,יעקב עמר,הדר ברינדל אטון,ז,1,רגיל,33,1,32,97%,0,0%,0,0%
"641480- אולפנת בנ""ע שילה",מטה בנימין,ממלכתי דתי,ירושלים,יהודי,יעקב עמר,הדר ברינדל אטון,ז,3,רגיל,33,1,32,97%,0,0%,0,0%
"641480- אולפנת בנ""ע שילה",מטה בנימין,ממלכתי דתי,ירושלים,יהודי,יעקב עמר,הדר ברינדל אטון,ז,4,רגיל,32,1,31,97%,0,0%,0,0%
"641480- אולפנת בנ""ע שילה",מטה בנימין,ממלכתי דתי,ירושלים,יהודי,יעקב עמר,הדר ברינדל אטון,ז,2,מיוחד,14,1,1,7%,0,0%,0,0%
"641498- ישיבה תיכונית בנ""ע עלי",מטה בנימין,ממלכתי דתי,ירושלים,יהודי,יעקב עמר,עובדיה בן משה,ז,1,רגיל,29,1,29,100%,0,0%,0,0%
"641498- ישיבה תיכונית בנ""ע עלי",מטה בנימין,ממלכתי דתי,ירושלים,יהודי,יעקב עמר,עובדיה בן משה,ז,3,רגיל,26,1,26,100%,0,0%,0,0%
"641498- ישיבה תיכונית בנ""ע עלי",מטה בנימין,ממלכתי דתי,ירושלים,יהודי,יעקב עמר,עובדיה בן משה,ז,2,מיוחד,10,1,10,100%,0,0%,0,0%
641522- על יסודי אדם,ירושלים,ממלכתי,העיר ירושלים,יהודי,דוד נמרוד-סימרוט,הילה מור,ז,1,רגיל,23,1,22,96%,0,0%,0,0%
641522- על יסודי אדם,ירושלים,ממלכתי,העיר ירושלים,יהודי,דוד נמרוד-סימרוט,הילה מור,ז,2,רגיל,25,1,23,92%,0,0%,0,0%
641563- תיכון דרך,ירושלים,ממלכתי,העיר ירושלים,יהודי,דוד נמרוד-סימרוט,יפעת נדב,ז,1,רגיל,25,1,24,96%,0,0%,0,0%
641563- תיכון דרך,ירושלים,ממלכתי,העיר ירושלים,יהודי,דוד נמרוד-סימרוט,יפעת נדב,ז,2,רגיל,27,1,24,89%,0,0%,0,0%
641563- תיכון דרך,ירושלים,ממלכתי,העיר ירושלים,יהודי,דוד נמרוד-סימרוט,יפעת נדב,ז,3,מיוחד,9,1,7,78%,0,0%,0,0%
641662- תבל תיכון רמות,ירושלים,ממלכתי,העיר ירושלים,יהודי,דוד נמרוד-סימרוט,גילי סלומון,ז,1,רגיל,19,1,19,100%,0,0%,0,0%
641662- תבל תיכון רמות,ירושלים,ממלכתי,העיר ירושלים,יהודי,דוד נמרוד-סימרוט,גילי סלומון,ז,2,מיוחד,7,1,7,100%,0,0%,0,0%
641662- תבל תיכון רמות,ירושלים,ממלכתי,העיר ירושלים,יהודי,דוד נמרוד-סימרוט,גילי סלומון,ז,3,רגיל,17,1,16,94%,0,0%,0,0%
645424- ניסוי ארגנטינה,ירושלים,ממלכתי,העיר ירושלים,יהודי,דוד נמרוד-סימרוט,גיל הלר,ז,1,רגיל,24,1,21,88%,0,0%,0,0%
645424- ניסוי ארגנטינה,ירושלים,ממלכתי,העיר ירושלים,יהודי,דוד נמרוד-סימרוט,גיל הלר,ז,2,רגיל,23,1,16,70%,0,0%,0,0%
650028- אלקימה,ירושלים,ממלכתי,העיר ירושלים,ערבי,ענאן קאסם,יאסמין בלעום,ז,1,רגיל,28,1,19,68%,9,32%,9,32%
650523- אולפנת בית אל,בית אל,ממלכתי דתי,ירושלים,יהודי,יעקב עמר,רעות רוחמה טסלר,ז,1,רגיל,28,1,28,100%,0,0%,0,0%
650523- אולפנת בית אל,בית אל,ממלכתי דתי,ירושלים,יהודי,יעקב עמר,רעות רוחמה טסלר,ז,2,רגיל,28,1,28,100%,0,0%,0,0%
650523- אולפנת בית אל,בית אל,ממלכתי דתי,ירושלים,יהודי,יעקב עמר,רעות רוחמה טסלר,ז,3,רגיל,26,1,26,100%,0,0%,0,0%
668962- אלביאן מקיף,ירושלים,ממלכתי,העיר ירושלים,ערבי,רנה ח'לף,ראשה ג'בר,ז,1,רגיל,27,1,27,100%,0,0%,0,0%
668962- אלביאן מקיף,ירושלים,ממלכתי,העיר ירושלים,ערבי,רנה ח'לף,ראשה ג'בר,ז,2,רגיל,24,1,24,100%,0,0%,0,0%
"673822- התיכון הנכו""ן",מטה בנימין,ממלכתי,ירושלים,יהודי,ציפי יעקב,רונית ברק,ז,1,רגיל,33,1,33,100%,0,0%,0,0%
"673822- התיכון הנכו""ן",מטה בנימין,ממלכתי,ירושלים,יהודי,ציפי יעקב,רונית ברק,ז,2,רגיל,31,1,31,100%,0,0%,0,0%
"673822- התיכון הנכו""ן",מטה בנימין,ממלכתי,ירושלים,יהודי,ציפי יעקב,רונית ברק,ז,4,רגיל,31,1,31,100%,0,0%,0,0%
"673822- התיכון הנכו""ן",מטה בנימין,ממלכתי,ירושלים,יהודי,ציפי יעקב,רונית ברק,ז,3,רגיל,29,1,23,79%,0,0%,0,0%
"673822- התיכון הנכו""ן",מטה בנימין,ממלכתי,ירושלים,יהודי,ציפי יעקב,רונית ברק,ז,5,מיוחד,9,1,2,22%,0,0%,0,0%
681288- תיכון לביא,מטה בנימין,ממלכתי דתי,ירושלים,יהודי,יעקב עמר,אברהם קימל,ז,1,רגיל,20,1,20,100%,17,85%,17,85%
681288- תיכון לביא,מטה בנימין,ממלכתי דתי,ירושלים,יהודי,יעקב עמר,אברהם קימל,ז,2,רגיל,25,1,25,100%,21,84%,21,84%
682351- מסע,ירושלים,ממלכתי דתי,העיר ירושלים,יהודי,שרה טוויל,-,ז,1,רגיל,29,1,29,100%,0,0%,0,0%
682351- מסע,ירושלים,ממלכתי דתי,העיר ירושלים,יהודי,שרה טוויל,-,ז,2,רגיל,28,1,28,100%,0,0%,0,0%
715623- מקיף אלסלעה,ירושלים,ממלכתי,העיר ירושלים,ערבי,רנה ח'לף,ולאא גול,ז,1,רגיל,21,1,21,100%,0,0%,0,0%
743369- טרה סנטה בית חנינא,ירושלים,ממלכתי,העיר ירושלים,ערבי,מחמד אזברגה,גורג אבו סעדה,ז,1,רגיל,16,1,16,100%,0,0%,0,0%
"770727- אולפנת בנ""ע טל רמות",ירושלים,ממלכתי דתי,העיר ירושלים,יהודי,שרה טוויל,יסכה לב,ז,1,רגיל,30,1,30,100%,0,0%,0,0%
"770727- אולפנת בנ""ע טל רמות",ירושלים,ממלכתי דתי,העיר ירושלים,יהודי,שרה טוויל,יסכה לב,ז,2,רגיל,29,1,29,100%,0,0%,0,0%
771089- התיכון הניסויי,ירושלים,ממלכתי,העיר ירושלים,יהודי,דוד נמרוד-סימרוט,גיל שלה,ז,2,רגיל,26,1,3,12%,0,0%,0,0%
771089- התיכון הניסויי,ירושלים,ממלכתי,העיר ירושלים,יהודי,דוד נמרוד-סימרוט,גיל שלה,ז,1,רגיל,26,1,2,8%,0,0%,0,0%
111328- כרמי יהודה,גוש עציון,ממלכתי דתי,ירושלים,יהודי,יעקב מאיר קושלבסקי,אביתר חיים קלין,ז,1,מיוחד,12,0,0,0%,0,0%,0,0%
112250- עשה חייל,אפרת,ממלכתי דתי,ירושלים,יהודי,יעקב מאיר קושלבסקי,תרזה שפרה פרנקל,ז,2,מיוחד,10,0,0,0%,0,0%,0,0%
"112953- אהבת ישראל (חרד""ל)",ירושלים,ממלכתי דתי,העיר ירושלים,יהודי,יואל דוב ורצברגר,גיא רפאלוב,ז,2,רגיל,22,0,0,0%,0,0%,0,0%
113324- בית-אל בנים,בית אל,ממלכתי דתי,ירושלים,יהודי,יוסף יעקב שינובר,ירון גיאת,ז,1,רגיל,29,0,0,0%,0,0%,0,0%
113324- בית-אל בנים,בית אל,ממלכתי דתי,ירושלים,יהודי,יוסף יעקב שינובר,ירון גיאת,ז,3,מיוחד,15,0,0,0%,0,0%,0,0%
113787- כוכב יעקב בנות,מטה בנימין,ממלכתי דתי,ירושלים,יהודי,יוסף יעקב שינובר,דן אפרים בירנבאום,ז,2,מיוחד,8,0,0,0%,0,0%,0,0%
114173- אורות עציון בנים,אפרת,ממלכתי דתי,ירושלים,יהודי,יעקב מאיר קושלבסקי,משה גוטליב,ז,33,מיוחד,6,0,0,0%,0,0%,0,0%
118067- אחמד סאמח אלחלדי,ירושלים,ממלכתי,העיר ירושלים,ערבי,מחמד אזברגה,ווסים רישק,ז,1,רגיל,24,0,0,0%,0,0%,0,0%
118158- איבן אל-היית'ם,ירושלים,ממלכתי,העיר ירושלים,ערבי,רנה ח'לף,אסאמה סביטאני,ז,3,רגיל,28,0,0,0%,0,0%,0,0%
118158- איבן אל-היית'ם,ירושלים,ממלכתי,העיר ירושלים,ערבי,רנה ח'לף,אסאמה סביטאני,ז,11,מיוחד,8,0,0,0%,0,0%,0,0%
118158- איבן אל-היית'ם,ירושלים,ממלכתי,העיר ירושלים,ערבי,רנה ח'לף,אסאמה סביטאני,ז,17,מיוחד,15,0,0,0%,0,0%,0,0%
118208- סלואן מכין לבנות,ירושלים,ממלכתי,העיר ירושלים,ערבי,מחמד אזברגה,פאטמה פתיחה,ז,3,רגיל,17,0,0,0%,0,0%,0,0%
118281- שעפט לבנות א,ירושלים,ממלכתי,העיר ירושלים,ערבי,ח'לדון האדיה,סוזאן כטיב,ז,1,רגיל,28,0,0,0%,0,0%,0,0%
118307- עמריה,ירושלים,ממלכתי,העיר ירושלים,ערבי,ח'לדון האדיה,נפיסה סעידה,ז,3,מיוחד,13,0,0,0%,0,0%,0,0%
140012- אולפנא תורנית חורב,ירושלים,ממלכתי דתי,העיר ירושלים,יהודי,שרה טוויל,עודד עוזיאל מיזליש,ז,2,מיוחד,9,0,0,0%,0,0%,0,0%
140079- הגמנסיה העברית,ירושלים,ממלכתי,העיר ירושלים,יהודי,דוד נמרוד-סימרוט,עופר טס,ז,6,מיוחד,13,0,0,0%,0,0%,0,0%
140087- רנה קסין דרכא,ירושלים,ממלכתי,העיר ירושלים,יהודי,דוד נמרוד-סימרוט,שגיא כהן,ז,2,רגיל,23,0,0,0%,0,0%,0,0%
140087- רנה קסין דרכא,ירושלים,ממלכתי,העיר ירושלים,יהודי,דוד נמרוד-סימרוט,שגיא כהן,ז,3,מיוחד,11,0,0,0%,0,0%,0,0%
140087- רנה קסין דרכא,ירושלים,ממלכתי,העיר ירושלים,יהודי,דוד נמרוד-סימרוט,שגיא כהן,ז,4,רגיל,24,0,0,0%,0,0%,0,0%
140129- קרית נוער ירושלים,ירושלים,ממלכתי דתי,העיר ירושלים,יהודי,אריה משה מארק,אביחי חרזי,ז,4,מיוחד,13,0,0,0%,0,0%,0,0%
140137- ישיבת נתיב מאיר,ירושלים,ממלכתי דתי,העיר ירושלים,יהודי,אריה משה מארק,משה מאיר וייס,ז,2,מיוחד,14,0,0,0%,0,0%,0,0%
140145- ישיבת חורב,ירושלים,ממלכתי דתי,העיר ירושלים,יהודי,אריה משה מארק,יצחק דור,ז,3,מיוחד,5,0,0,0%,0,0%,0,0%
140236- תורני נסויי בנות פלך,ירושלים,ממלכתי דתי,העיר ירושלים,יהודי,אריה משה מארק,יעל-סופי פפר,ז,2,מיוחד,5,0,0,0%,0,0%,0,0%
140277- מדרשיית עמליה,ירושלים,ממלכתי דתי,העיר ירושלים,יהודי,שרה טוויל,יעל פרגון,ז,2,מיוחד,15,0,0,0%,0,0%,0,0%
140731- מקיף גילה,ירושלים,ממלכתי,העיר ירושלים,יהודי,דוד נמרוד-סימרוט,אייל רייכמן,ז,3,מיוחד,11,0,0,0%,0,0%,0,0%
"140855- חט""ב מבשרת",מבשרת ציון,ממלכתי,ירושלים,יהודי,ציפי יעקב,גליה שניידר,ז,9,מיוחד,10,0,0,0%,0,0%,0,0%
140871- תיכון גבעת גונן,ירושלים,ממלכתי,העיר ירושלים,יהודי,דוד נמרוד-סימרוט,אוהד הופמן,ז,3,מיוחד,6,0,0,0%,0,0%,0,0%
"140889- חט""ב בנים קרית ארבע",קרית ארבע,ממלכתי דתי,ירושלים,יהודי,יעקב עמר,מנחם סעדיה,ז,3,מיוחד,11,0,0,0%,0,0%,0,0%
"140939- ישיבת בנ""ע מטה בנימין",מטה בנימין,ממלכתי דתי,ירושלים,יהודי,יעקב עמר,נסים ניצן ימין,ז,2,מיוחד,13,0,0,0%,0,0%,0,0%
140970- אולפנא עופרה,מטה בנימין,ממלכתי דתי,ירושלים,יהודי,יעקב עמר,אביה זאב ששר,ז,7,מיוחד,5,0,0,0%,0,0%,0,0%
141176- אולפנת צביה מ. אדומים,מעלה אדומים,ממלכתי דתי,ירושלים,יהודי,יעקב עמר,שלמה נריה ירושלים,ז,3,מיוחד,10,0,0,0%,0,0%,0,0%
144428- ישיבת צביה מ.אדומים,מעלה אדומים,ממלכתי דתי,ירושלים,יהודי,יעקב עמר,יוסף מנחם פרנקל,ז,1,מיוחד,7,0,0,0%,0,0%,0,0%
144600- ישיבה שעלי תורה,בית שמש,ממלכתי דתי,ירושלים,יהודי,תמר אודס,תומר זאבי,ז,2,מיוחד,12,0,0,0%,0,0%,0,0%
144683- עירוני א',מודיעין מכבים רעות,ממלכתי,ירושלים,יהודי,ציפי יעקב,דביר שלומי,ז,3,מיוחד,13,0,0,0%,0,0%,0,0%
"144717- אולפנת בנ""ע אורות מודיעין",מודיעין מכבים רעות,ממלכתי דתי,ירושלים,יהודי,תמר אודס,סגלית נחום,ז,3,מיוחד,14,0,0,0%,0,0%,0,0%
148056- תיכון בית צפאפא,ירושלים,ממלכתי,העיר ירושלים,ערבי,נגוהה פרחאת,האשם בדר,ז,10,מיוחד,15,0,0,0%,0,0%,0,0%
148056- תיכון בית צפאפא,ירושלים,ממלכתי,העיר ירושלים,ערבי,נגוהה פרחאת,האשם בדר,ז,11,מיוחד,8,0,0,0%,0,0%,0,0%
148197- מקיף בית חנינה,ירושלים,ממלכתי,העיר ירושלים,ערבי,ענאן קאסם,מגדי עוויסאת,ז,2,רגיל,24,0,0,0%,0,0%,0,0%
148197- מקיף בית חנינה,ירושלים,ממלכתי,העיר ירושלים,ערבי,ענאן קאסם,מגדי עוויסאת,ז,17,מיוחד,14,0,0,0%,0,0%,0,0%
148247- מקיף שש שנתי אלטור לבנים,ירושלים,ממלכתי,העיר ירושלים,ערבי,ענאן קאסם,מוחמד דעיס,ז,17,מיוחד,13,0,0,0%,0,0%,0,0%
148254- שועפט בנות ב',ירושלים,ממלכתי,העיר ירושלים,ערבי,ח'לדון האדיה,מיסון חלאק,ז,1,רגיל,33,0,0,0%,0,0%,0,0%
148254- שועפט בנות ב',ירושלים,ממלכתי,העיר ירושלים,ערבי,ח'לדון האדיה,מיסון חלאק,ז,4,מיוחד,15,0,0,0%,0,0%,0,0%
160242- מקיף קשת,ירושלים,ממלכתי,העיר ירושלים,יהודי,דוד נמרוד-סימרוט,אורית צילה סומר,ז,3,מיוחד,4,0,0,0%,0,0%,0,0%
160259- ליבי,ירושלים,ממלכתי דתי,העיר ירושלים,יהודי,שרה טוויל,ענבל ישראלי,ז,3,מיוחד,12,0,0,0%,0,0%,0,0%
160432- ברנקו וייס מקיף בית שמש,בית שמש,ממלכתי,ירושלים,יהודי,ציפי יעקב,שמעון ויס,ז,2,מיוחד,6,0,0,0%,0,0%,0,0%
160432- ברנקו וייס מקיף בית שמש,בית שמש,ממלכתי,ירושלים,יהודי,ציפי יעקב,שמעון ויס,ז,3,מיוחד,5,0,0,0%,0,0%,0,0%
160598- ארץ הצבי,ירושלים,ממלכתי דתי,העיר ירושלים,יהודי,שרה טוויל,יוסף איזמן,ז,2,מיוחד,8,0,0,0%,0,0%,0,0%
"165852- ישיבת בנ""ע לפיד מודיעין",מודיעין מכבים רעות,ממלכתי דתי,ירושלים,יהודי,תמר אודס,שמואל חיים רוזנבלום,ז,6,מיוחד,9,0,0,0%,0,0%,0,0%
170399- חטיב אורט מינקןף,ירושלים,ממלכתי,העיר ירושלים,יהודי,דוד נמרוד-סימרוט,תמר כספי,ז,5,מיוחד,10,0,0,0%,0,0%,0,0%
170514- אורט פלך בנים ספניאן,ירושלים,ממלכתי דתי,העיר ירושלים,יהודי,שרה טוויל,דורון לופז,ז,4,מיוחד,14,0,0,0%,0,0%,0,0%
178178- סאחורה מכין בנות,ירושלים,ממלכתי,העיר ירושלים,ערבי,רנה ח'לף,אמאל אשקיראת,ז,17,מיוחד,15,0,0,0%,0,0%,0,0%
193003- מקיף עיסוואיה לבנות,ירושלים,ממלכתי,העיר ירושלים,ערבי,ענאן קאסם,פאטמה עבידאת,ז,6,מיוחד,15,0,0,0%,0,0%,0,0%
"198085- חט""ב ראס אל-עמוד",ירושלים,ממלכתי,העיר ירושלים,ערבי,רנה ח'לף,סאלח סאלח,ז,2,רגיל,27,0,0,0%,0,0%,0,0%
"198085- חט""ב ראס אל-עמוד",ירושלים,ממלכתי,העיר ירושלים,ערבי,רנה ח'לף,סאלח סאלח,ז,3,רגיל,23,0,0,0%,0,0%,0,0%
"198085- חט""ב ראס אל-עמוד",ירושלים,ממלכתי,העיר ירושלים,ערבי,רנה ח'לף,סאלח סאלח,ז,4,רגיל,25,0,0,0%,0,0%,0,0%
"198085- חט""ב ראס אל-עמוד",ירושלים,ממלכתי,העיר ירושלים,ערבי,רנה ח'לף,סאלח סאלח,ז,17,מיוחד,14,0,0,0%,0,0%,0,0%
198192- תיכון צור באהר,ירושלים,ממלכתי,העיר ירושלים,ערבי,רנה ח'לף,היתאם סלאמה,ז,5,מיוחד,12,0,0,0%,0,0%,0,0%
198192- תיכון צור באהר,ירושלים,ממלכתי,העיר ירושלים,ערבי,רנה ח'לף,היתאם סלאמה,ז,6,מיוחד,14,0,0,0%,0,0%,0,0%
238121- אולפנת נוגה,מטה יהודה,ממלכתי דתי,ירושלים,יהודי,תמר אודס,מרים לאה קורן,ז,5,מיוחד,13,0,0,0%,0,0%,0,0%
430074- מקור התקווה,ירושלים,ממלכתי,העיר ירושלים,יהודי,שמחה שגית קליימן,יואל רוסו,ז,1,רגיל,9,0,0,0%,0,0%,0,0%
"440784- ראס אלעמוד ע""ס לבנות",ירושלים,ממלכתי,העיר ירושלים,ערבי,רנה ח'לף,אריג' ארנאוט,ז,1,רגיל,23,0,0,0%,0,0%,0,0%
"440784- ראס אלעמוד ע""ס לבנות",ירושלים,ממלכתי,העיר ירושלים,ערבי,רנה ח'לף,אריג' ארנאוט,ז,2,מיוחד,12,0,0,0%,0,0%,0,0%
"440784- ראס אלעמוד ע""ס לבנות",ירושלים,ממלכתי,העיר ירושלים,ערבי,רנה ח'לף,אריג' ארנאוט,ז,3,רגיל,26,0,0,0%,0,0%,0,0%
"440784- ראס אלעמוד ע""ס לבנות",ירושלים,ממלכתי,העיר ירושלים,ערבי,רנה ח'לף,אריג' ארנאוט,ז,4,רגיל,26,0,0,0%,0,0%,0,0%
477901- מקיף בית חנינה לבנות,ירושלים,ממלכתי,העיר ירושלים,ערבי,ענאן קאסם,ליאנא האשם,ז,2,רגיל,36,0,0,0%,0,0%,0,0%
477901- מקיף בית חנינה לבנות,ירושלים,ממלכתי,העיר ירושלים,ערבי,ענאן קאסם,ליאנא האשם,ז,5,רגיל,26,0,0,0%,0,0%,0,0%
512459- הניסויי כפר אדומים,מטה בנימין,ממלכתי דתי,ירושלים,יהודי,יוסף יעקב שינובר,נועם שכטר,ז,5,מיוחד,11,0,0,0%,0,0%,0,0%
"615955- אח""י תקוע 2",גוש עציון,ממלכתי דתי,ירושלים,יהודי,יעקב מאיר קושלבסקי,יהונתן אהוביה רוזנק,ז,5,מיוחד,6,0,0,0%,0,0%,0,0%
"615955- אח""י תקוע 2",גוש עציון,ממלכתי דתי,ירושלים,יהודי,יעקב מאיר קושלבסקי,יהונתן אהוביה רוזנק,ז,6,מיוחד,4,0,0,0%,0,0%,0,0%
641407- אלמתנבי,ירושלים,ממלכתי,העיר ירושלים,ערבי,ענאן קאסם,עאסם חסונה,ז,2,רגיל,30,0,0,0%,0,0%,0,0%
641522- על יסודי אדם,ירושלים,ממלכתי,העיר ירושלים,יהודי,דוד נמרוד-סימרוט,הילה מור,ז,3,מיוחד,6,0,0,0%,0,0%,0,0%
650028- אלקימה,ירושלים,ממלכתי,העיר ירושלים,ערבי,ענאן קאסם,יאסמין בלעום,ז,2,מיוחד,11,0,0,0%,0,0%,0,0%
715623- מקיף אלסלעה,ירושלים,ממלכתי,העיר ירושלים,ערבי,רנה ח'לף,ולאא גול,ז,2,רגיל,33,0,0,0%,0,0%,0,0%
715623- מקיף אלסלעה,ירושלים,ממלכתי,העיר ירושלים,ערבי,רנה ח'לף,ולאא גול,ז,3,רגיל,34,0,0,0%,0,0%,0,0%
722298- בית ספר יחיאל,מטה יהודה,ממלכתי,ירושלים,יהודי,ליאת אלהרר כהן,יוסף סופר,ז,1,רגיל,19,0,0,0%,0,0%,0,0%
759134- סדנת שילוב יובלים,גוש עציון,ממלכתי דתי,ירושלים,יהודי,יעקב מאיר קושלבסקי,ימימה ספרא,ז,1,רגיל,6,0,0,0%,0,0%,0,0%
771089- התיכון הניסויי,ירושלים,ממלכתי,העיר ירושלים,יהודי,דוד נמרוד-סימרוט,גיל שלה,ז,4,מיוחד,6,0,0,0%,0,0%,0,0%
